Satellite,Timestamp,Weights
0,59,"1.00, 0.90, 0.82, 0.74, 0.67, 0.61, 0.55, 0.50, 0.45, 0.41, 0.37, 0.33, 0.30, 0.27, 0.25, 0.22, 0.20, 0.18, 0.17, 0.15, 0.14, 0.12, 0.11, 0.10, 0.09, 0.08, 0.07, 0.07, 0.06, 0.06, 0.05, 0.05, 0.04, 0.04, 0.03, 0.03, 0.03"
0,60,"1.00, 0.90, 0.82, 0.74, 0.67, 0.61, 0.55, 0.50, 0.45, 0.41, 0.37, 0.33, 0.30, 0.27, 0.25, 0.22, 0.20, 0.18, 0.17, 0.15, 0.14, 0.12, 0.11, 0.10, 0.09, 0.08, 0.07, 0.07, 0.06, 0.06, 0.05, 0.05, 0.04, 0.04, 0.03, 0.03"
0,61,"1.00, 0.90, 0.82, 0.74, 0.67, 0.61, 0.55, 0.50, 0.45, 0.41, 0.37, 0.33, 0.30, 0.27, 0.25, 0.22, 0.20, 0.18, 0.17, 0.15, 0.14, 0.12, 0.11, 0.10, 0.09, 0.08, 0.07, 0.07, 0.06, 0.06, 0.05, 0.05, 0.04, 0.04, 0.03"
0,62,"1.00, 0.90, 0.82, 0.74, 0.67, 0.61, 0.55, 0.50, 0.45, 0.41, 0.37, 0.33, 0.30, 0.27, 0.25, 0.22, 0.20, 0.18, 0.17, 0.15, 0.14, 0.12, 0.11, 0.10, 0.09, 0.08, 0.07, 0.07, 0.06, 0.06, 0.05, 0.05, 0.04, 0.04"
0,63,"1.00, 0.90, 0.82, 0.74, 0.67, 0.61, 0.55, 0.50, 0.45, 0.41, 0.37, 0.33, 0.30, 0.27, 0.25, 0.22, 0.20, 0.18, 0.17, 0.15, 0.14, 0.12, 0.11, 0.10, 0.09, 0.08, 0.07, 0.07, 0.06, 0.06, 0.05, 0.05, 0.04"
0,64,"1.00, 0.90, 0.82, 0.74, 0.67, 0.61, 0.55, 0.50, 0.45, 0.41, 0.37, 0.33, 0.30, 0.27, 0.25, 0.22, 0.20, 0.18, 0.17, 0.15, 0.14, 0.12, 0.11, 0.10, 0.09, 0.08, 0.07, 0.07, 0.06, 0.06, 0.05, 0.05"
0,65,"1.00, 0.90, 0.82, 0.74, 0.67, 0.61, 0.55, 0.50, 0.45, 0.41, 0.37, 0.33, 0.30, 0.27, 0.25, 0.22, 0.20, 0.18, 0.17, 0.15, 0.14, 0.12, 0.11, 0.10, 0.09, 0.08, 0.07, 0.07, 0.06, 0.06, 0.05"
0,66,"1.00, 0.90, 0.82, 0.74, 0.67, 0.61, 0.55, 0.50, 0.45, 0.41, 0.37, 0.33, 0.30, 0.27, 0.25, 0.22, 0.20, 0.18, 0.17, 0.15, 0.14, 0.12, 0.11, 0.10, 0.09, 0.08, 0.07, 0.07, 0.06, 0.06"
0,67,"1.00, 0.90, 0.82, 0.74, 0.67, 0.61, 0.55, 0.50, 0.45, 0.41, 0.37, 0.33, 0.30, 0.27, 0.25, 0.22, 0.20, 0.18, 0.17, 0.15, 0.14, 0.12, 0.11, 0.10, 0.09, 0.08, 0.07, 0.07, 0.06"
0,68,"1.00, 0.90, 0.82, 0.74, 0.67, 0.61, 0.55, 0.50, 0.45, 0.41, 0.37, 0.33, 0.30, 0.27, 0.25, 0.22, 0.20, 0.18, 0.17, 0.15, 0.14, 0.12, 0.11, 0.10, 0.09, 0.08, 0.07, 0.07"
0,69,"1.00, 0.90, 0.82, 0.74, 0.67, 0.61, 0.55, 0.50, 0.45, 0.41, 0.37, 0.33, 0.30, 0.27, 0.25, 0.22, 0.20, 0.18, 0.17, 0.15, 0.14, 0.12, 0.11, 0.10, 0.09, 0.08, 0.07"
0,70,"1.00, 0.90, 0.82, 0.74, 0.67, 0.61, 0.55, 0.50, 0.45, 0.41, 0.37, 0.33, 0.30, 0.27, 0.25, 0.22, 0.20, 0.18, 0.17, 0.15, 0.14, 0.12, 0.11, 0.10, 0.09, 0.08"
0,71,"1.00, 0.90, 0.82, 0.74, 0.67, 0.61, 0.55, 0.50, 0.45, 0.41, 0.37, 0.33, 0.30, 0.27, 0.25, 0.22, 0.20, 0.18, 0.17, 0.15, 0.14, 0.12, 0.11, 0.10, 0.09"
0,72,"1.00, 0.90, 0.82, 0.74, 0.67, 0.61, 0.55, 0.50, 0.45, 0.41, 0.37, 0.33, 0.30, 0.27, 0.25, 0.22, 0.20, 0.18, 0.17, 0.15, 0.14, 0.12, 0.11, 0.10"
0,73,"1.00, 0.90, 0.82, 0.74, 0.67, 0.61, 0.55, 0.50, 0.45, 0.41, 0.37, 0.33, 0.30, 0.27, 0.25, 0.22, 0.20, 0.18, 0.17, 0.15, 0.14, 0.12, 0.11"
0,74,"1.00, 0.90, 0.82, 0.74, 0.67, 0.61, 0.55, 0.50, 0.45, 0.41, 0.37, 0.33, 0.30, 0.27, 0.25, 0.22, 0.20, 0.18, 0.17, 0.15, 0.14, 0.12"
0,75,"1.00, 0.90, 0.82, 0.74, 0.67, 0.61, 0.55, 0.50, 0.45, 0.41, 0.37, 0.33, 0.30, 0.27, 0.25, 0.22, 0.20, 0.18, 0.17, 0.15, 0.14"
0,76,"1.00, 0.90, 0.82, 0.74, 0.67, 0.61, 0.55, 0.50, 0.45, 0.41, 0.37, 0.33, 0.30, 0.27, 0.25, 0.22, 0.20, 0.18, 0.17, 0.15"
0,77,"1.00, 0.90, 0.82, 0.74, 0.67, 0.61, 0.55, 0.50, 0.45, 0.41, 0.37, 0.33, 0.30, 0.27, 0.25, 0.22, 0.20, 0.18, 0.17"
0,78,"1.00, 0.90, 0.82, 0.74, 0.67, 0.61, 0.55, 0.50, 0.45, 0.41, 0.37, 0.33, 0.30, 0.27, 0.25, 0.22, 0.20, 0.18"
0,79,"1.00, 0.90, 0.82, 0.74, 0.67, 0.61, 0.55, 0.50, 0.45, 0.41, 0.37, 0.33, 0.30, 0.27, 0.25, 0.22, 0.20"
1,25,"1.00, 0.90, 0.82, 0.74, 0.67, 0.61, 0.55, 0.50, 0.45, 0.41, 0.37, 0.33, 0.30, 0.27, 0.25, 0.22, 0.20, 0.18, 0.17, 0.15, 0.14, 0.12, 0.11, 0.10, 0.09, 0.08, 0.07, 0.07, 0.06, 0.06, 0.05, 0.05, 0.04, 0.04, 0.03, 0.03, 0.03, 0.02, 0.02, 0.02, 0.02, 0.02, 0.01, 0.01, 0.01, 0.01, 0.01, 0.01, 0.01, 0.01, 0.01, 0.01, 0.01, 0.00, 0.00, 0.00, 0.00, 0.00, 0.00, 0.00, 0.00, 0.00, 0.00, 0.00, 0.00, 0.00, 0.00, 0.00, 0.00, 0.00, 0.00"
1,26,"1.00, 0.90, 0.82, 0.74, 0.67, 0.61, 0.55, 0.50, 0.45, 0.41, 0.37, 0.33, 0.30, 0.27, 0.25, 0.22, 0.20, 0.18, 0.17, 0.15, 0.14, 0.12, 0.11, 0.10, 0.09, 0.08, 0.07, 0.07, 0.06, 0.06, 0.05, 0.05, 0.04, 0.04, 0.03, 0.03, 0.03, 0.02, 0.02, 0.02, 0.02, 0.02, 0.01, 0.01, 0.01, 0.01, 0.01, 0.01, 0.01, 0.01, 0.01, 0.01, 0.01, 0.00, 0.00, 0.00, 0.00, 0.00, 0.00, 0.00, 0.00, 0.00, 0.00, 0.00, 0.00, 0.00, 0.00, 0.00, 0.00, 0.00"
1,27,"1.00, 0.90, 0.82, 0.74, 0.67, 0.61, 0.55, 0.50, 0.45, 0.41, 0.37, 0.33, 0.30, 0.27, 0.25, 0.22, 0.20, 0.18, 0.17, 0.15, 0.14, 0.12, 0.11, 0.10, 0.09, 0.08, 0.07, 0.07, 0.06, 0.06, 0.05, 0.05, 0.04, 0.04, 0.03, 0.03, 0.03, 0.02, 0.02, 0.02, 0.02, 0.02, 0.01, 0.01, 0.01, 0.01, 0.01, 0.01, 0.01, 0.01, 0.01, 0.01, 0.01, 0.00, 0.00, 0.00, 0.00, 0.00, 0.00, 0.00, 0.00, 0.00, 0.00, 0.00, 0.00, 0.00, 0.00, 0.00, 0.00"
1,28,"1.00, 0.90, 0.82, 0.74, 0.67, 0.61, 0.55, 0.50, 0.45, 0.41, 0.37, 0.33, 0.30, 0.27, 0.25, 0.22, 0.20, 0.18, 0.17, 0.15, 0.14, 0.12, 0.11, 0.10, 0.09, 0.08, 0.07, 0.07, 0.06, 0.06, 0.05, 0.05, 0.04, 0.04, 0.03, 0.03, 0.03, 0.02, 0.02, 0.02, 0.02, 0.02, 0.01, 0.01, 0.01, 0.01, 0.01, 0.01, 0.01, 0.01, 0.01, 0.01, 0.01, 0.00, 0.00, 0.00, 0.00, 0.00, 0.00, 0.00, 0.00, 0.00, 0.00, 0.00, 0.00, 0.00, 0.00, 0.00"
1,29,"1.00, 0.90, 0.82, 0.74, 0.67, 0.61, 0.55, 0.50, 0.45, 0.41, 0.37, 0.33, 0.30, 0.27, 0.25, 0.22, 0.20, 0.18, 0.17, 0.15, 0.14, 0.12, 0.11, 0.10, 0.09, 0.08, 0.07, 0.07, 0.06, 0.06, 0.05, 0.05, 0.04, 0.04, 0.03, 0.03, 0.03, 0.02, 0.02, 0.02, 0.02, 0.02, 0.01, 0.01, 0.01, 0.01, 0.01, 0.01, 0.01, 0.01, 0.01, 0.01, 0.01, 0.00, 0.00, 0.00, 0.00, 0.00, 0.00, 0.00, 0.00, 0.00, 0.00, 0.00, 0.00, 0.00, 0.00"
1,30,"1.00, 0.90, 0.82, 0.74, 0.67, 0.61, 0.55, 0.50, 0.45, 0.41, 0.37, 0.33, 0.30, 0.27, 0.25, 0.22, 0.20, 0.18, 0.17, 0.15, 0.14, 0.12, 0.11, 0.10, 0.09, 0.08, 0.07, 0.07, 0.06, 0.06, 0.05, 0.05, 0.04, 0.04, 0.03, 0.03, 0.03, 0.02, 0.02, 0.02, 0.02, 0.02, 0.01, 0.01, 0.01, 0.01, 0.01, 0.01, 0.01, 0.01, 0.01, 0.01, 0.01, 0.00, 0.00, 0.00, 0.00, 0.00, 0.00, 0.00, 0.00, 0.00, 0.00, 0.00, 0.00, 0.00"
1,31,"1.00, 0.90, 0.82, 0.74, 0.67, 0.61, 0.55, 0.50, 0.45, 0.41, 0.37, 0.33, 0.30, 0.27, 0.25, 0.22, 0.20, 0.18, 0.17, 0.15, 0.14, 0.12, 0.11, 0.10, 0.09, 0.08, 0.07, 0.07, 0.06, 0.06, 0.05, 0.05, 0.04, 0.04, 0.03, 0.03, 0.03, 0.02, 0.02, 0.02, 0.02, 0.02, 0.01, 0.01, 0.01, 0.01, 0.01, 0.01, 0.01, 0.01, 0.01, 0.01, 0.01, 0.00, 0.00, 0.00, 0.00, 0.00, 0.00, 0.00, 0.00, 0.00, 0.00, 0.00, 0.00"
1,32,"1.00, 0.90, 0.82, 0.74, 0.67, 0.61, 0.55, 0.50, 0.45, 0.41, 0.37, 0.33, 0.30, 0.27, 0.25, 0.22, 0.20, 0.18, 0.17, 0.15, 0.14, 0.12, 0.11, 0.10, 0.09, 0.08, 0.07, 0.07, 0.06, 0.06, 0.05, 0.05, 0.04, 0.04, 0.03, 0.03, 0.03, 0.02, 0.02, 0.02, 0.02, 0.02, 0.01, 0.01, 0.01, 0.01, 0.01, 0.01, 0.01, 0.01, 0.01, 0.01, 0.01, 0.00, 0.00, 0.00, 0.00, 0.00, 0.00, 0.00, 0.00, 0.00, 0.00, 0.00"
1,33,"1.00, 0.90, 0.82, 0.74, 0.67, 0.61, 0.55, 0.50, 0.45, 0.41, 0.37, 0.33, 0.30, 0.27, 0.25, 0.22, 0.20, 0.18, 0.17, 0.15, 0.14, 0.12, 0.11, 0.10, 0.09, 0.08, 0.07, 0.07, 0.06, 0.06, 0.05, 0.05, 0.04, 0.04, 0.03, 0.03, 0.03, 0.02, 0.02, 0.02, 0.02, 0.02, 0.01, 0.01, 0.01, 0.01, 0.01, 0.01, 0.01, 0.01, 0.01, 0.01, 0.01, 0.00, 0.00, 0.00, 0.00, 0.00, 0.00, 0.00, 0.00, 0.00, 0.00"
1,34,"1.00, 0.90, 0.82, 0.74, 0.67, 0.61, 0.55, 0.50, 0.45, 0.41, 0.37, 0.33, 0.30, 0.27, 0.25, 0.22, 0.20, 0.18, 0.17, 0.15, 0.14, 0.12, 0.11, 0.10, 0.09, 0.08, 0.07, 0.07, 0.06, 0.06, 0.05, 0.05, 0.04, 0.04, 0.03, 0.03, 0.03, 0.02, 0.02, 0.02, 0.02, 0.02, 0.01, 0.01, 0.01, 0.01, 0.01, 0.01, 0.01, 0.01, 0.01, 0.01, 0.01, 0.00, 0.00, 0.00, 0.00, 0.00, 0.00, 0.00, 0.00, 0.00"
1,35,"1.00, 0.90, 0.82, 0.74, 0.67, 0.61, 0.55, 0.50, 0.45, 0.41, 0.37, 0.33, 0.30, 0.27, 0.25, 0.22, 0.20, 0.18, 0.17, 0.15, 0.14, 0.12, 0.11, 0.10, 0.09, 0.08, 0.07, 0.07, 0.06, 0.06, 0.05, 0.05, 0.04, 0.04, 0.03, 0.03, 0.03, 0.02, 0.02, 0.02, 0.02, 0.02, 0.01, 0.01, 0.01, 0.01, 0.01, 0.01, 0.01, 0.01, 0.01, 0.01, 0.01, 0.00, 0.00, 0.00, 0.00, 0.00, 0.00, 0.00, 0.00"
1,36,"1.00, 0.90, 0.82, 0.74, 0.67, 0.61, 0.55, 0.50, 0.45, 0.41, 0.37, 0.33, 0.30, 0.27, 0.25, 0.22, 0.20, 0.18, 0.17, 0.15, 0.14, 0.12, 0.11, 0.10, 0.09, 0.08, 0.07, 0.07, 0.06, 0.06, 0.05, 0.05, 0.04, 0.04, 0.03, 0.03, 0.03, 0.02, 0.02, 0.02, 0.02, 0.02, 0.01, 0.01, 0.01, 0.01, 0.01, 0.01, 0.01, 0.01, 0.01, 0.01, 0.01, 0.00, 0.00, 0.00, 0.00, 0.00, 0.00, 0.00"
1,37,"1.00, 0.90, 0.82, 0.74, 0.67, 0.61, 0.55, 0.50, 0.45, 0.41, 0.37, 0.33, 0.30, 0.27, 0.25, 0.22, 0.20, 0.18, 0.17, 0.15, 0.14, 0.12, 0.11, 0.10, 0.09, 0.08, 0.07, 0.07, 0.06, 0.06, 0.05, 0.05, 0.04, 0.04, 0.03, 0.03, 0.03, 0.02, 0.02, 0.02, 0.02, 0.02, 0.01, 0.01, 0.01, 0.01, 0.01, 0.01, 0.01, 0.01, 0.01, 0.01, 0.01, 0.00, 0.00, 0.00, 0.00, 0.00, 0.00"
1,38,"1.00, 0.90, 0.82, 0.74, 0.67, 0.61, 0.55, 0.50, 0.45, 0.41, 0.37, 0.33, 0.30, 0.27, 0.25, 0.22, 0.20, 0.18, 0.17, 0.15, 0.14, 0.12, 0.11, 0.10, 0.09, 0.08, 0.07, 0.07, 0.06, 0.06, 0.05, 0.05, 0.04, 0.04, 0.03, 0.03, 0.03, 0.02, 0.02, 0.02, 0.02, 0.02, 0.01, 0.01, 0.01, 0.01, 0.01, 0.01, 0.01, 0.01, 0.01, 0.01, 0.01, 0.00, 0.00, 0.00, 0.00, 0.00"
1,39,"1.00, 0.90, 0.82, 0.74, 0.67, 0.61, 0.55, 0.50, 0.45, 0.41, 0.37, 0.33, 0.30, 0.27, 0.25, 0.22, 0.20, 0.18, 0.17, 0.15, 0.14, 0.12, 0.11, 0.10, 0.09, 0.08, 0.07, 0.07, 0.06, 0.06, 0.05, 0.05, 0.04, 0.04, 0.03, 0.03, 0.03, 0.02, 0.02, 0.02, 0.02, 0.02, 0.01, 0.01, 0.01, 0.01, 0.01, 0.01, 0.01, 0.01, 0.01, 0.01, 0.01, 0.00, 0.00, 0.00, 0.00"
1,40,"1.00, 0.90, 0.82, 0.74, 0.67, 0.61, 0.55, 0.50, 0.45, 0.41, 0.37, 0.33, 0.30, 0.27, 0.25, 0.22, 0.20, 0.18, 0.17, 0.15, 0.14, 0.12, 0.11, 0.10, 0.09, 0.08, 0.07, 0.07, 0.06, 0.06, 0.05, 0.05, 0.04, 0.04, 0.03, 0.03, 0.03, 0.02, 0.02, 0.02, 0.02, 0.02, 0.01, 0.01, 0.01, 0.01, 0.01, 0.01, 0.01, 0.01, 0.01, 0.01, 0.01, 0.00, 0.00, 0.00"
1,41,"1.00, 0.90, 0.82, 0.74, 0.67, 0.61, 0.55, 0.50, 0.45, 0.41, 0.37, 0.33, 0.30, 0.27, 0.25, 0.22, 0.20, 0.18, 0.17, 0.15, 0.14, 0.12, 0.11, 0.10, 0.09, 0.08, 0.07, 0.07, 0.06, 0.06, 0.05, 0.05, 0.04, 0.04, 0.03, 0.03, 0.03, 0.02, 0.02, 0.02, 0.02, 0.02, 0.01, 0.01, 0.01, 0.01, 0.01, 0.01, 0.01, 0.01, 0.01, 0.01, 0.01, 0.00, 0.00"
1,42,"1.00, 0.90, 0.82, 0.74, 0.67, 0.61, 0.55, 0.50, 0.45, 0.41, 0.37, 0.33, 0.30, 0.27, 0.25, 0.22, 0.20, 0.18, 0.17, 0.15, 0.14, 0.12, 0.11, 0.10, 0.09, 0.08, 0.07, 0.07, 0.06, 0.06, 0.05, 0.05, 0.04, 0.04, 0.03, 0.03, 0.03, 0.02, 0.02, 0.02, 0.02, 0.02, 0.01, 0.01, 0.01, 0.01, 0.01, 0.01, 0.01, 0.01, 0.01, 0.01, 0.01, 0.00"
1,43,"1.00, 0.90, 0.82, 0.74, 0.67, 0.61, 0.55, 0.50, 0.45, 0.41, 0.37, 0.33, 0.30, 0.27, 0.25, 0.22, 0.20, 0.18, 0.17, 0.15, 0.14, 0.12, 0.11, 0.10, 0.09, 0.08, 0.07, 0.07, 0.06, 0.06, 0.05, 0.05, 0.04, 0.04, 0.03, 0.03, 0.03, 0.02, 0.02, 0.02, 0.02, 0.02, 0.01, 0.01, 0.01, 0.01, 0.01, 0.01, 0.01, 0.01, 0.01, 0.01, 0.01"
1,44,"1.00, 0.90, 0.82, 0.74, 0.67, 0.61, 0.55, 0.50, 0.45, 0.41, 0.37, 0.33, 0.30, 0.27, 0.25, 0.22, 0.20, 0.18, 0.17, 0.15, 0.14, 0.12, 0.11, 0.10, 0.09, 0.08, 0.07, 0.07, 0.06, 0.06, 0.05, 0.05, 0.04, 0.04, 0.03, 0.03, 0.03, 0.02, 0.02, 0.02, 0.02, 0.02, 0.01, 0.01, 0.01, 0.01, 0.01, 0.01, 0.01, 0.01, 0.01, 0.01"
1,45,"1.00, 0.90, 0.82, 0.74, 0.67, 0.61, 0.55, 0.50, 0.45, 0.41, 0.37, 0.33, 0.30, 0.27, 0.25, 0.22, 0.20, 0.18, 0.17, 0.15, 0.14, 0.12, 0.11, 0.10, 0.09, 0.08, 0.07, 0.07, 0.06, 0.06, 0.05, 0.05, 0.04, 0.04, 0.03, 0.03, 0.03, 0.02, 0.02, 0.02, 0.02, 0.02, 0.01, 0.01, 0.01, 0.01, 0.01, 0.01, 0.01, 0.01, 0.01"
2,1,"1.00, 0.90, 0.82, 0.74, 0.67, 0.61, 0.55, 0.50, 0.45, 0.41, 0.37, 0.33, 0.30, 0.27, 0.25, 0.22, 0.20, 0.18, 0.17, 0.15, 0.14, 0.12, 0.11, 0.10, 0.09, 0.08, 0.07, 0.07, 0.06, 0.06, 0.05, 0.05, 0.04, 0.04, 0.03, 0.03, 0.03, 0.02, 0.02, 0.02, 0.02, 0.02, 0.01, 0.01, 0.01, 0.01, 0.01, 0.01, 0.01, 0.01, 0.01, 0.01, 0.01, 0.00, 0.00, 0.00, 0.00, 0.00, 0.00, 0.00, 0.00, 0.00, 0.00, 0.00, 0.00, 0.00, 0.00, 0.00, 0.00, 0.00, 0.00, 0.00, 0.00, 0.00, 0.00, 0.00, 0.00, 0.00, 0.00, 0.00, 0.00, 0.00, 0.00, 0.00, 0.00, 0.00, 0.00, 0.00, 0.00, 0.00, 0.00, 0.00, 0.00, 0.00, 0.00"
2,2,"1.00, 0.90, 0.82, 0.74, 0.67, 0.61, 0.55, 0.50, 0.45, 0.41, 0.37, 0.33, 0.30, 0.27, 0.25, 0.22, 0.20, 0.18, 0.17, 0.15, 0.14, 0.12, 0.11, 0.10, 0.09, 0.08, 0.07, 0.07, 0.06, 0.06, 0.05, 0.05, 0.04, 0.04, 0.03, 0.03, 0.03, 0.02, 0.02, 0.02, 0.02, 0.02, 0.01, 0.01, 0.01, 0.01, 0.01, 0.01, 0.01, 0.01, 0.01, 0.01, 0.01, 0.00, 0.00, 0.00, 0.00, 0.00, 0.00, 0.00, 0.00, 0.00, 0.00, 0.00, 0.00, 0.00, 0.00, 0.00, 0.00, 0.00, 0.00, 0.00, 0.00, 0.00, 0.00, 0.00, 0.00, 0.00, 0.00, 0.00, 0.00, 0.00, 0.00, 0.00, 0.00, 0.00, 0.00, 0.00, 0.00, 0.00, 0.00, 0.00, 0.00, 0.00"
2,3,"1.00, 0.90, 0.82, 0.74, 0.67, 0.61, 0.55, 0.50, 0.45, 0.41, 0.37, 0.33, 0.30, 0.27, 0.25, 0.22, 0.20, 0.18, 0.17, 0.15, 0.14, 0.12, 0.11, 0.10, 0.09, 0.08, 0.07, 0.07, 0.06, 0.06, 0.05, 0.05, 0.04, 0.04, 0.03, 0.03, 0.03, 0.02, 0.02, 0.02, 0.02, 0.02, 0.01, 0.01, 0.01, 0.01, 0.01, 0.01, 0.01, 0.01, 0.01, 0.01, 0.01, 0.00, 0.00, 0.00, 0.00, 0.00, 0.00, 0.00, 0.00, 0.00, 0.00, 0.00, 0.00, 0.00, 0.00, 0.00, 0.00, 0.00, 0.00, 0.00, 0.00, 0.00, 0.00, 0.00, 0.00, 0.00, 0.00, 0.00, 0.00, 0.00, 0.00, 0.00, 0.00, 0.00, 0.00, 0.00, 0.00, 0.00, 0.00, 0.00, 0.00"
2,4,"1.00, 0.90, 0.82, 0.74, 0.67, 0.61, 0.55, 0.50, 0.45, 0.41, 0.37, 0.33, 0.30, 0.27, 0.25, 0.22, 0.20, 0.18, 0.17, 0.15, 0.14, 0.12, 0.11, 0.10, 0.09, 0.08, 0.07, 0.07, 0.06, 0.06, 0.05, 0.05, 0.04, 0.04, 0.03, 0.03, 0.03, 0.02, 0.02, 0.02, 0.02, 0.02, 0.01, 0.01, 0.01, 0.01, 0.01, 0.01, 0.01, 0.01, 0.01, 0.01, 0.01, 0.00, 0.00, 0.00, 0.00, 0.00, 0.00, 0.00, 0.00, 0.00, 0.00, 0.00, 0.00, 0.00, 0.00, 0.00, 0.00, 0.00, 0.00, 0.00, 0.00, 0.00, 0.00, 0.00, 0.00, 0.00, 0.00, 0.00, 0.00, 0.00, 0.00, 0.00, 0.00, 0.00, 0.00, 0.00, 0.00, 0.00, 0.00, 0.00"
2,5,"1.00, 0.90, 0.82, 0.74, 0.67, 0.61, 0.55, 0.50, 0.45, 0.41, 0.37, 0.33, 0.30, 0.27, 0.25, 0.22, 0.20, 0.18, 0.17, 0.15, 0.14, 0.12, 0.11, 0.10, 0.09, 0.08, 0.07, 0.07, 0.06, 0.06, 0.05, 0.05, 0.04, 0.04, 0.03, 0.03, 0.03, 0.02, 0.02, 0.02, 0.02, 0.02, 0.01, 0.01, 0.01, 0.01, 0.01, 0.01, 0.01, 0.01, 0.01, 0.01, 0.01, 0.00, 0.00, 0.00, 0.00, 0.00, 0.00, 0.00, 0.00, 0.00, 0.00, 0.00, 0.00, 0.00, 0.00, 0.00, 0.00, 0.00, 0.00, 0.00, 0.00, 0.00, 0.00, 0.00, 0.00, 0.00, 0.00, 0.00, 0.00, 0.00, 0.00, 0.00, 0.00, 0.00, 0.00, 0.00, 0.00, 0.00, 0.00"
2,6,"1.00, 0.90, 0.82, 0.74, 0.67, 0.61, 0.55, 0.50, 0.45, 0.41, 0.37, 0.33, 0.30, 0.27, 0.25, 0.22, 0.20, 0.18, 0.17, 0.15, 0.14, 0.12, 0.11, 0.10, 0.09, 0.08, 0.07, 0.07, 0.06, 0.06, 0.05, 0.05, 0.04, 0.04, 0.03, 0.03, 0.03, 0.02, 0.02, 0.02, 0.02, 0.02, 0.01, 0.01, 0.01, 0.01, 0.01, 0.01, 0.01, 0.01, 0.01, 0.01, 0.01, 0.00, 0.00, 0.00, 0.00, 0.00, 0.00, 0.00, 0.00, 0.00, 0.00, 0.00, 0.00, 0.00, 0.00, 0.00, 0.00, 0.00, 0.00, 0.00, 0.00, 0.00, 0.00, 0.00, 0.00, 0.00, 0.00, 0.00, 0.00, 0.00, 0.00, 0.00, 0.00, 0.00, 0.00, 0.00, 0.00, 0.00"
2,7,"1.00, 0.90, 0.82, 0.74, 0.67, 0.61, 0.55, 0.50, 0.45, 0.41, 0.37, 0.33, 0.30, 0.27, 0.25, 0.22, 0.20, 0.18, 0.17, 0.15, 0.14, 0.12, 0.11, 0.10, 0.09, 0.08, 0.07, 0.07, 0.06, 0.06, 0.05, 0.05, 0.04, 0.04, 0.03, 0.03, 0.03, 0.02, 0.02, 0.02, 0.02, 0.02, 0.01, 0.01, 0.01, 0.01, 0.01, 0.01, 0.01, 0.01, 0.01, 0.01, 0.01, 0.00, 0.00, 0.00, 0.00, 0.00, 0.00, 0.00, 0.00, 0.00, 0.00, 0.00, 0.00, 0.00, 0.00, 0.00, 0.00, 0.00, 0.00, 0.00, 0.00, 0.00, 0.00, 0.00, 0.00, 0.00, 0.00, 0.00, 0.00, 0.00, 0.00, 0.00, 0.00, 0.00, 0.00, 0.00, 0.00"
2,8,"1.00, 0.90, 0.82, 0.74, 0.67, 0.61, 0.55, 0.50, 0.45, 0.41, 0.37, 0.33, 0.30, 0.27, 0.25, 0.22, 0.20, 0.18, 0.17, 0.15, 0.14, 0.12, 0.11, 0.10, 0.09, 0.08, 0.07, 0.07, 0.06, 0.06, 0.05, 0.05, 0.04, 0.04, 0.03, 0.03, 0.03, 0.02, 0.02, 0.02, 0.02, 0.02, 0.01, 0.01, 0.01, 0.01, 0.01, 0.01, 0.01, 0.01, 0.01, 0.01, 0.01, 0.00, 0.00, 0.00, 0.00, 0.00, 0.00, 0.00, 0.00, 0.00, 0.00, 0.00, 0.00, 0.00, 0.00, 0.00, 0.00, 0.00, 0.00, 0.00, 0.00, 0.00, 0.00, 0.00, 0.00, 0.00, 0.00, 0.00, 0.00, 0.00, 0.00, 0.00, 0.00, 0.00, 0.00, 0.00"
2,9,"1.00, 0.90, 0.82, 0.74, 0.67, 0.61, 0.55, 0.50, 0.45, 0.41, 0.37, 0.33, 0.30, 0.27, 0.25, 0.22, 0.20, 0.18, 0.17, 0.15, 0.14, 0.12, 0.11, 0.10, 0.09, 0.08, 0.07, 0.07, 0.06, 0.06, 0.05, 0.05, 0.04, 0.04, 0.03, 0.03, 0.03, 0.02, 0.02, 0.02, 0.02, 0.02, 0.01, 0.01, 0.01, 0.01, 0.01, 0.01, 0.01, 0.01, 0.01, 0.01, 0.01, 0.00, 0.00, 0.00, 0.00, 0.00, 0.00, 0.00, 0.00, 0.00, 0.00, 0.00, 0.00, 0.00, 0.00, 0.00, 0.00, 0.00, 0.00, 0.00, 0.00, 0.00, 0.00, 0.00, 0.00, 0.00, 0.00, 0.00, 0.00, 0.00, 0.00, 0.00, 0.00, 0.00, 0.00"
2,10,"1.00, 0.90, 0.82, 0.74, 0.67, 0.61, 0.55, 0.50, 0.45, 0.41, 0.37, 0.33, 0.30, 0.27, 0.25, 0.22, 0.20, 0.18, 0.17, 0.15, 0.14, 0.12, 0.11, 0.10, 0.09, 0.08, 0.07, 0.07, 0.06, 0.06, 0.05, 0.05, 0.04, 0.04, 0.03, 0.03, 0.03, 0.02, 0.02, 0.02, 0.02, 0.02, 0.01, 0.01, 0.01, 0.01, 0.01, 0.01, 0.01, 0.01, 0.01, 0.01, 0.01, 0.00, 0.00, 0.00, 0.00, 0.00, 0.00, 0.00, 0.00, 0.00, 0.00, 0.00, 0.00, 0.00, 0.00, 0.00, 0.00, 0.00, 0.00, 0.00, 0.00, 0.00, 0.00, 0.00, 0.00, 0.00, 0.00, 0.00, 0.00, 0.00, 0.00, 0.00, 0.00, 0.00"
2,11,"1.00, 0.90, 0.82, 0.74, 0.67, 0.61, 0.55, 0.50, 0.45, 0.41, 0.37, 0.33, 0.30, 0.27, 0.25, 0.22, 0.20, 0.18, 0.17, 0.15, 0.14, 0.12, 0.11, 0.10, 0.09, 0.08, 0.07, 0.07, 0.06, 0.06, 0.05, 0.05, 0.04, 0.04, 0.03, 0.03, 0.03, 0.02, 0.02, 0.02, 0.02, 0.02, 0.01, 0.01, 0.01, 0.01, 0.01, 0.01, 0.01, 0.01, 0.01, 0.01, 0.01, 0.00, 0.00, 0.00, 0.00, 0.00, 0.00, 0.00, 0.00, 0.00, 0.00, 0.00, 0.00, 0.00, 0.00, 0.00, 0.00, 0.00, 0.00, 0.00, 0.00, 0.00, 0.00, 0.00, 0.00, 0.00, 0.00, 0.00, 0.00, 0.00, 0.00, 0.00, 0.00"
3,93,"1.00, 0.90, 0.82"
3,94,"1.00, 0.90"
3,95,1.00
4,76,"1.00, 0.90, 0.82, 0.74, 0.67, 0.61, 0.55, 0.50, 0.45, 0.41, 0.37, 0.33, 0.30, 0.27, 0.25, 0.22, 0.20, 0.18, 0.17, 0.15"
4,77,"1.00, 0.90, 0.82, 0.74, 0.67, 0.61, 0.55, 0.50, 0.45, 0.41, 0.37, 0.33, 0.30, 0.27, 0.25, 0.22, 0.20, 0.18, 0.17"
4,78,"1.00, 0.90, 0.82, 0.74, 0.67, 0.61, 0.55, 0.50, 0.45, 0.41, 0.37, 0.33, 0.30, 0.27, 0.25, 0.22, 0.20, 0.18"
4,79,"1.00, 0.90, 0.82, 0.74, 0.67, 0.61, 0.55, 0.50, 0.45, 0.41, 0.37, 0.33, 0.30, 0.27, 0.25, 0.22, 0.20"
4,80,"1.00, 0.90, 0.82, 0.74, 0.67, 0.61, 0.55, 0.50, 0.45, 0.41, 0.37, 0.33, 0.30, 0.27, 0.25, 0.22"
4,81,"1.00, 0.90, 0.82, 0.74, 0.67, 0.61, 0.55, 0.50, 0.45, 0.41, 0.37, 0.33, 0.30, 0.27, 0.25"
4,82,"1.00, 0.90, 0.82, 0.74, 0.67, 0.61, 0.55, 0.50, 0.45, 0.41, 0.37, 0.33, 0.30, 0.27"
4,83,"1.00, 0.90, 0.82, 0.74, 0.67, 0.61, 0.55, 0.50, 0.45, 0.41, 0.37, 0.33, 0.30"
4,84,"1.00, 0.90, 0.82, 0.74, 0.67, 0.61, 0.55, 0.50, 0.45, 0.41, 0.37, 0.33"
4,85,"1.00, 0.90, 0.82, 0.74, 0.67, 0.61, 0.55, 0.50, 0.45, 0.41, 0.37"
4,86,"1.00, 0.90, 0.82, 0.74, 0.67, 0.61, 0.55, 0.50, 0.45, 0.41"
4,87,"1.00, 0.90, 0.82, 0.74, 0.67, 0.61, 0.55, 0.50, 0.45"
4,88,"1.00, 0.90, 0.82, 0.74, 0.67, 0.61, 0.55, 0.50"
4,89,"1.00, 0.90, 0.82, 0.74, 0.67, 0.61, 0.55"
4,90,"1.00, 0.90, 0.82, 0.74, 0.67, 0.61"
4,91,"1.00, 0.90, 0.82, 0.74, 0.67"
4,92,"1.00, 0.90, 0.82, 0.74"
4,93,"1.00, 0.90, 0.82"
4,94,"1.00, 0.90"
5,44,"1.00, 0.90, 0.82, 0.74, 0.67, 0.61, 0.55, 0.50, 0.45, 0.41, 0.37, 0.33, 0.30, 0.27, 0.25, 0.22, 0.20, 0.18, 0.17, 0.15, 0.14, 0.12, 0.11, 0.10, 0.09, 0.08, 0.07, 0.07, 0.06, 0.06, 0.05, 0.05, 0.04, 0.04, 0.03, 0.03, 0.03, 0.02, 0.02, 0.02, 0.02, 0.02, 0.01, 0.01, 0.01, 0.01, 0.01, 0.01, 0.01, 0.01, 0.01, 0.01"
5,45,"1.00, 0.90, 0.82, 0.74, 0.67, 0.61, 0.55, 0.50, 0.45, 0.41, 0.37, 0.33, 0.30, 0.27, 0.25, 0.22, 0.20, 0.18, 0.17, 0.15, 0.14, 0.12, 0.11, 0.10, 0.09, 0.08, 0.07, 0.07, 0.06, 0.06, 0.05, 0.05, 0.04, 0.04, 0.03, 0.03, 0.03, 0.02, 0.02, 0.02, 0.02, 0.02, 0.01, 0.01, 0.01, 0.01, 0.01, 0.01, 0.01, 0.01, 0.01"
5,46,"1.00, 0.90, 0.82, 0.74, 0.67, 0.61, 0.55, 0.50, 0.45, 0.41, 0.37, 0.33, 0.30, 0.27, 0.25, 0.22, 0.20, 0.18, 0.17, 0.15, 0.14, 0.12, 0.11, 0.10, 0.09, 0.08, 0.07, 0.07, 0.06, 0.06, 0.05, 0.05, 0.04, 0.04, 0.03, 0.03, 0.03, 0.02, 0.02, 0.02, 0.02, 0.02, 0.01, 0.01, 0.01, 0.01, 0.01, 0.01, 0.01, 0.01"
5,47,"1.00, 0.90, 0.82, 0.74, 0.67, 0.61, 0.55, 0.50, 0.45, 0.41, 0.37, 0.33, 0.30, 0.27, 0.25, 0.22, 0.20, 0.18, 0.17, 0.15, 0.14, 0.12, 0.11, 0.10, 0.09, 0.08, 0.07, 0.07, 0.06, 0.06, 0.05, 0.05, 0.04, 0.04, 0.03, 0.03, 0.03, 0.02, 0.02, 0.02, 0.02, 0.02, 0.01, 0.01, 0.01, 0.01, 0.01, 0.01, 0.01"
5,48,"1.00, 0.90, 0.82, 0.74, 0.67, 0.61, 0.55, 0.50, 0.45, 0.41, 0.37, 0.33, 0.30, 0.27, 0.25, 0.22, 0.20, 0.18, 0.17, 0.15, 0.14, 0.12, 0.11, 0.10, 0.09, 0.08, 0.07, 0.07, 0.06, 0.06, 0.05, 0.05, 0.04, 0.04, 0.03, 0.03, 0.03, 0.02, 0.02, 0.02, 0.02, 0.02, 0.01, 0.01, 0.01, 0.01, 0.01, 0.01"
5,49,"1.00, 0.90, 0.82, 0.74, 0.67, 0.61, 0.55, 0.50, 0.45, 0.41, 0.37, 0.33, 0.30, 0.27, 0.25, 0.22, 0.20, 0.18, 0.17, 0.15, 0.14, 0.12, 0.11, 0.10, 0.09, 0.08, 0.07, 0.07, 0.06, 0.06, 0.05, 0.05, 0.04, 0.04, 0.03, 0.03, 0.03, 0.02, 0.02, 0.02, 0.02, 0.02, 0.01, 0.01, 0.01, 0.01, 0.01"
5,50,"1.00, 0.90, 0.82, 0.74, 0.67, 0.61, 0.55, 0.50, 0.45, 0.41, 0.37, 0.33, 0.30, 0.27, 0.25, 0.22, 0.20, 0.18, 0.17, 0.15, 0.14, 0.12, 0.11, 0.10, 0.09, 0.08, 0.07, 0.07, 0.06, 0.06, 0.05, 0.05, 0.04, 0.04, 0.03, 0.03, 0.03, 0.02, 0.02, 0.02, 0.02, 0.02, 0.01, 0.01, 0.01, 0.01"
5,51,"1.00, 0.90, 0.82, 0.74, 0.67, 0.61, 0.55, 0.50, 0.45, 0.41, 0.37, 0.33, 0.30, 0.27, 0.25, 0.22, 0.20, 0.18, 0.17, 0.15, 0.14, 0.12, 0.11, 0.10, 0.09, 0.08, 0.07, 0.07, 0.06, 0.06, 0.05, 0.05, 0.04, 0.04, 0.03, 0.03, 0.03, 0.02, 0.02, 0.02, 0.02, 0.02, 0.01, 0.01, 0.01"
5,52,"1.00, 0.90, 0.82, 0.74, 0.67, 0.61, 0.55, 0.50, 0.45, 0.41, 0.37, 0.33, 0.30, 0.27, 0.25, 0.22, 0.20, 0.18, 0.17, 0.15, 0.14, 0.12, 0.11, 0.10, 0.09, 0.08, 0.07, 0.07, 0.06, 0.06, 0.05, 0.05, 0.04, 0.04, 0.03, 0.03, 0.03, 0.02, 0.02, 0.02, 0.02, 0.02, 0.01, 0.01"
5,53,"1.00, 0.90, 0.82, 0.74, 0.67, 0.61, 0.55, 0.50, 0.45, 0.41, 0.37, 0.33, 0.30, 0.27, 0.25, 0.22, 0.20, 0.18, 0.17, 0.15, 0.14, 0.12, 0.11, 0.10, 0.09, 0.08, 0.07, 0.07, 0.06, 0.06, 0.05, 0.05, 0.04, 0.04, 0.03, 0.03, 0.03, 0.02, 0.02, 0.02, 0.02, 0.02, 0.01"
5,54,"1.00, 0.90, 0.82, 0.74, 0.67, 0.61, 0.55, 0.50, 0.45, 0.41, 0.37, 0.33, 0.30, 0.27, 0.25, 0.22, 0.20, 0.18, 0.17, 0.15, 0.14, 0.12, 0.11, 0.10, 0.09, 0.08, 0.07, 0.07, 0.06, 0.06, 0.05, 0.05, 0.04, 0.04, 0.03, 0.03, 0.03, 0.02, 0.02, 0.02, 0.02, 0.02"
5,55,"1.00, 0.90, 0.82, 0.74, 0.67, 0.61, 0.55, 0.50, 0.45, 0.41, 0.37, 0.33, 0.30, 0.27, 0.25, 0.22, 0.20, 0.18, 0.17, 0.15, 0.14, 0.12, 0.11, 0.10, 0.09, 0.08, 0.07, 0.07, 0.06, 0.06, 0.05, 0.05, 0.04, 0.04, 0.03, 0.03, 0.03, 0.02, 0.02, 0.02, 0.02"
5,56,"1.00, 0.90, 0.82, 0.74, 0.67, 0.61, 0.55, 0.50, 0.45, 0.41, 0.37, 0.33, 0.30, 0.27, 0.25, 0.22, 0.20, 0.18, 0.17, 0.15, 0.14, 0.12, 0.11, 0.10, 0.09, 0.08, 0.07, 0.07, 0.06, 0.06, 0.05, 0.05, 0.04, 0.04, 0.03, 0.03, 0.03, 0.02, 0.02, 0.02"
5,57,"1.00, 0.90, 0.82, 0.74, 0.67, 0.61, 0.55, 0.50, 0.45, 0.41, 0.37, 0.33, 0.30, 0.27, 0.25, 0.22, 0.20, 0.18, 0.17, 0.15, 0.14, 0.12, 0.11, 0.10, 0.09, 0.08, 0.07, 0.07, 0.06, 0.06, 0.05, 0.05, 0.04, 0.04, 0.03, 0.03, 0.03, 0.02, 0.02"
5,58,"1.00, 0.90, 0.82, 0.74, 0.67, 0.61, 0.55, 0.50, 0.45, 0.41, 0.37, 0.33, 0.30, 0.27, 0.25, 0.22, 0.20, 0.18, 0.17, 0.15, 0.14, 0.12, 0.11, 0.10, 0.09, 0.08, 0.07, 0.07, 0.06, 0.06, 0.05, 0.05, 0.04, 0.04, 0.03, 0.03, 0.03, 0.02"
5,59,"1.00, 0.90, 0.82, 0.74, 0.67, 0.61, 0.55, 0.50, 0.45, 0.41, 0.37, 0.33, 0.30, 0.27, 0.25, 0.22, 0.20, 0.18, 0.17, 0.15, 0.14, 0.12, 0.11, 0.10, 0.09, 0.08, 0.07, 0.07, 0.06, 0.06, 0.05, 0.05, 0.04, 0.04, 0.03, 0.03, 0.03"
5,60,"1.00, 0.90, 0.82, 0.74, 0.67, 0.61, 0.55, 0.50, 0.45, 0.41, 0.37, 0.33, 0.30, 0.27, 0.25, 0.22, 0.20, 0.18, 0.17, 0.15, 0.14, 0.12, 0.11, 0.10, 0.09, 0.08, 0.07, 0.07, 0.06, 0.06, 0.05, 0.05, 0.04, 0.04, 0.03, 0.03"
5,61,"1.00, 0.90, 0.82, 0.74, 0.67, 0.61, 0.55, 0.50, 0.45, 0.41, 0.37, 0.33, 0.30, 0.27, 0.25, 0.22, 0.20, 0.18, 0.17, 0.15, 0.14, 0.12, 0.11, 0.10, 0.09, 0.08, 0.07, 0.07, 0.06, 0.06, 0.05, 0.05, 0.04, 0.04, 0.03"
5,62,"1.00, 0.90, 0.82, 0.74, 0.67, 0.61, 0.55, 0.50, 0.45, 0.41, 0.37, 0.33, 0.30, 0.27, 0.25, 0.22, 0.20, 0.18, 0.17, 0.15, 0.14, 0.12, 0.11, 0.10, 0.09, 0.08, 0.07, 0.07, 0.06, 0.06, 0.05, 0.05, 0.04, 0.04"
5,63,"1.00, 0.90, 0.82, 0.74, 0.67, 0.61, 0.55, 0.50, 0.45, 0.41, 0.37, 0.33, 0.30, 0.27, 0.25, 0.22, 0.20, 0.18, 0.17, 0.15, 0.14, 0.12, 0.11, 0.10, 0.09, 0.08, 0.07, 0.07, 0.06, 0.06, 0.05, 0.05, 0.04"
6,13,"1.00, 0.90, 0.82, 0.74, 0.67, 0.61, 0.55, 0.50, 0.45, 0.41, 0.37, 0.33, 0.30, 0.27, 0.25, 0.22, 0.20, 0.18, 0.17, 0.15, 0.14, 0.12, 0.11, 0.10, 0.09, 0.08, 0.07, 0.07, 0.06, 0.06, 0.05, 0.05, 0.04, 0.04, 0.03, 0.03, 0.03, 0.02, 0.02, 0.02, 0.02, 0.02, 0.01, 0.01, 0.01, 0.01, 0.01, 0.01, 0.01, 0.01, 0.01, 0.01, 0.01, 0.00, 0.00, 0.00, 0.00, 0.00, 0.00, 0.00, 0.00, 0.00, 0.00, 0.00, 0.00, 0.00, 0.00, 0.00, 0.00, 0.00, 0.00, 0.00, 0.00, 0.00, 0.00, 0.00, 0.00, 0.00, 0.00, 0.00, 0.00, 0.00, 0.00"
6,14,"1.00, 0.90, 0.82, 0.74, 0.67, 0.61, 0.55, 0.50, 0.45, 0.41, 0.37, 0.33, 0.30, 0.27, 0.25, 0.22, 0.20, 0.18, 0.17, 0.15, 0.14, 0.12, 0.11, 0.10, 0.09, 0.08, 0.07, 0.07, 0.06, 0.06, 0.05, 0.05, 0.04, 0.04, 0.03, 0.03, 0.03, 0.02, 0.02, 0.02, 0.02, 0.02, 0.01, 0.01, 0.01, 0.01, 0.01, 0.01, 0.01, 0.01, 0.01, 0.01, 0.01, 0.00, 0.00, 0.00, 0.00, 0.00, 0.00, 0.00, 0.00, 0.00, 0.00, 0.00, 0.00, 0.00, 0.00, 0.00, 0.00, 0.00, 0.00, 0.00, 0.00, 0.00, 0.00, 0.00, 0.00, 0.00, 0.00, 0.00, 0.00, 0.00"
6,15,"1.00, 0.90, 0.82, 0.74, 0.67, 0.61, 0.55, 0.50, 0.45, 0.41, 0.37, 0.33, 0.30, 0.27, 0.25, 0.22, 0.20, 0.18, 0.17, 0.15, 0.14, 0.12, 0.11, 0.10, 0.09, 0.08, 0.07, 0.07, 0.06, 0.06, 0.05, 0.05, 0.04, 0.04, 0.03, 0.03, 0.03, 0.02, 0.02, 0.02, 0.02, 0.02, 0.01, 0.01, 0.01, 0.01, 0.01, 0.01, 0.01, 0.01, 0.01, 0.01, 0.01, 0.00, 0.00, 0.00, 0.00, 0.00, 0.00, 0.00, 0.00, 0.00, 0.00, 0.00, 0.00, 0.00, 0.00, 0.00, 0.00, 0.00, 0.00, 0.00, 0.00, 0.00, 0.00, 0.00, 0.00, 0.00, 0.00, 0.00, 0.00"
6,16,"1.00, 0.90, 0.82, 0.74, 0.67, 0.61, 0.55, 0.50, 0.45, 0.41, 0.37, 0.33, 0.30, 0.27, 0.25, 0.22, 0.20, 0.18, 0.17, 0.15, 0.14, 0.12, 0.11, 0.10, 0.09, 0.08, 0.07, 0.07, 0.06, 0.06, 0.05, 0.05, 0.04, 0.04, 0.03, 0.03, 0.03, 0.02, 0.02, 0.02, 0.02, 0.02, 0.01, 0.01, 0.01, 0.01, 0.01, 0.01, 0.01, 0.01, 0.01, 0.01, 0.01, 0.00, 0.00, 0.00, 0.00, 0.00, 0.00, 0.00, 0.00, 0.00, 0.00, 0.00, 0.00, 0.00, 0.00, 0.00, 0.00, 0.00, 0.00, 0.00, 0.00, 0.00, 0.00, 0.00, 0.00, 0.00, 0.00, 0.00"
6,17,"1.00, 0.90, 0.82, 0.74, 0.67, 0.61, 0.55, 0.50, 0.45, 0.41, 0.37, 0.33, 0.30, 0.27, 0.25, 0.22, 0.20, 0.18, 0.17, 0.15, 0.14, 0.12, 0.11, 0.10, 0.09, 0.08, 0.07, 0.07, 0.06, 0.06, 0.05, 0.05, 0.04, 0.04, 0.03, 0.03, 0.03, 0.02, 0.02, 0.02, 0.02, 0.02, 0.01, 0.01, 0.01, 0.01, 0.01, 0.01, 0.01, 0.01, 0.01, 0.01, 0.01, 0.00, 0.00, 0.00, 0.00, 0.00, 0.00, 0.00, 0.00, 0.00, 0.00, 0.00, 0.00, 0.00, 0.00, 0.00, 0.00, 0.00, 0.00, 0.00, 0.00, 0.00, 0.00, 0.00, 0.00, 0.00, 0.00"
6,18,"1.00, 0.90, 0.82, 0.74, 0.67, 0.61, 0.55, 0.50, 0.45, 0.41, 0.37, 0.33, 0.30, 0.27, 0.25, 0.22, 0.20, 0.18, 0.17, 0.15, 0.14, 0.12, 0.11, 0.10, 0.09, 0.08, 0.07, 0.07, 0.06, 0.06, 0.05, 0.05, 0.04, 0.04, 0.03, 0.03, 0.03, 0.02, 0.02, 0.02, 0.02, 0.02, 0.01, 0.01, 0.01, 0.01, 0.01, 0.01, 0.01, 0.01, 0.01, 0.01, 0.01, 0.00, 0.00, 0.00, 0.00, 0.00, 0.00, 0.00, 0.00, 0.00, 0.00, 0.00, 0.00, 0.00, 0.00, 0.00, 0.00, 0.00, 0.00, 0.00, 0.00, 0.00, 0.00, 0.00, 0.00, 0.00"
6,19,"1.00, 0.90, 0.82, 0.74, 0.67, 0.61, 0.55, 0.50, 0.45, 0.41, 0.37, 0.33, 0.30, 0.27, 0.25, 0.22, 0.20, 0.18, 0.17, 0.15, 0.14, 0.12, 0.11, 0.10, 0.09, 0.08, 0.07, 0.07, 0.06, 0.06, 0.05, 0.05, 0.04, 0.04, 0.03, 0.03, 0.03, 0.02, 0.02, 0.02, 0.02, 0.02, 0.01, 0.01, 0.01, 0.01, 0.01, 0.01, 0.01, 0.01, 0.01, 0.01, 0.01, 0.00, 0.00, 0.00, 0.00, 0.00, 0.00, 0.00, 0.00, 0.00, 0.00, 0.00, 0.00, 0.00, 0.00, 0.00, 0.00, 0.00, 0.00, 0.00, 0.00, 0.00, 0.00, 0.00, 0.00"
6,20,"1.00, 0.90, 0.82, 0.74, 0.67, 0.61, 0.55, 0.50, 0.45, 0.41, 0.37, 0.33, 0.30, 0.27, 0.25, 0.22, 0.20, 0.18, 0.17, 0.15, 0.14, 0.12, 0.11, 0.10, 0.09, 0.08, 0.07, 0.07, 0.06, 0.06, 0.05, 0.05, 0.04, 0.04, 0.03, 0.03, 0.03, 0.02, 0.02, 0.02, 0.02, 0.02, 0.01, 0.01, 0.01, 0.01, 0.01, 0.01, 0.01, 0.01, 0.01, 0.01, 0.01, 0.00, 0.00, 0.00, 0.00, 0.00, 0.00, 0.00, 0.00, 0.00, 0.00, 0.00, 0.00, 0.00, 0.00, 0.00, 0.00, 0.00, 0.00, 0.00, 0.00, 0.00, 0.00, 0.00"
6,21,"1.00, 0.90, 0.82, 0.74, 0.67, 0.61, 0.55, 0.50, 0.45, 0.41, 0.37, 0.33, 0.30, 0.27, 0.25, 0.22, 0.20, 0.18, 0.17, 0.15, 0.14, 0.12, 0.11, 0.10, 0.09, 0.08, 0.07, 0.07, 0.06, 0.06, 0.05, 0.05, 0.04, 0.04, 0.03, 0.03, 0.03, 0.02, 0.02, 0.02, 0.02, 0.02, 0.01, 0.01, 0.01, 0.01, 0.01, 0.01, 0.01, 0.01, 0.01, 0.01, 0.01, 0.00, 0.00, 0.00, 0.00, 0.00, 0.00, 0.00, 0.00, 0.00, 0.00, 0.00, 0.00, 0.00, 0.00, 0.00, 0.00, 0.00, 0.00, 0.00, 0.00, 0.00, 0.00"
6,22,"1.00, 0.90, 0.82, 0.74, 0.67, 0.61, 0.55, 0.50, 0.45, 0.41, 0.37, 0.33, 0.30, 0.27, 0.25, 0.22, 0.20, 0.18, 0.17, 0.15, 0.14, 0.12, 0.11, 0.10, 0.09, 0.08, 0.07, 0.07, 0.06, 0.06, 0.05, 0.05, 0.04, 0.04, 0.03, 0.03, 0.03, 0.02, 0.02, 0.02, 0.02, 0.02, 0.01, 0.01, 0.01, 0.01, 0.01, 0.01, 0.01, 0.01, 0.01, 0.01, 0.01, 0.00, 0.00, 0.00, 0.00, 0.00, 0.00, 0.00, 0.00, 0.00, 0.00, 0.00, 0.00, 0.00, 0.00, 0.00, 0.00, 0.00, 0.00, 0.00, 0.00, 0.00"
6,23,"1.00, 0.90, 0.82, 0.74, 0.67, 0.61, 0.55, 0.50, 0.45, 0.41, 0.37, 0.33, 0.30, 0.27, 0.25, 0.22, 0.20, 0.18, 0.17, 0.15, 0.14, 0.12, 0.11, 0.10, 0.09, 0.08, 0.07, 0.07, 0.06, 0.06, 0.05, 0.05, 0.04, 0.04, 0.03, 0.03, 0.03, 0.02, 0.02, 0.02, 0.02, 0.02, 0.01, 0.01, 0.01, 0.01, 0.01, 0.01, 0.01, 0.01, 0.01, 0.01, 0.01, 0.00, 0.00, 0.00, 0.00, 0.00, 0.00, 0.00, 0.00, 0.00, 0.00, 0.00, 0.00, 0.00, 0.00, 0.00, 0.00, 0.00, 0.00, 0.00, 0.00"
6,24,"1.00, 0.90, 0.82, 0.74, 0.67, 0.61, 0.55, 0.50, 0.45, 0.41, 0.37, 0.33, 0.30, 0.27, 0.25, 0.22, 0.20, 0.18, 0.17, 0.15, 0.14, 0.12, 0.11, 0.10, 0.09, 0.08, 0.07, 0.07, 0.06, 0.06, 0.05, 0.05, 0.04, 0.04, 0.03, 0.03, 0.03, 0.02, 0.02, 0.02, 0.02, 0.02, 0.01, 0.01, 0.01, 0.01, 0.01, 0.01, 0.01, 0.01, 0.01, 0.01, 0.01, 0.00, 0.00, 0.00, 0.00, 0.00, 0.00, 0.00, 0.00, 0.00, 0.00, 0.00, 0.00, 0.00, 0.00, 0.00, 0.00, 0.00, 0.00, 0.00"
6,25,"1.00, 0.90, 0.82, 0.74, 0.67, 0.61, 0.55, 0.50, 0.45, 0.41, 0.37, 0.33, 0.30, 0.27, 0.25, 0.22, 0.20, 0.18, 0.17, 0.15, 0.14, 0.12, 0.11, 0.10, 0.09, 0.08, 0.07, 0.07, 0.06, 0.06, 0.05, 0.05, 0.04, 0.04, 0.03, 0.03, 0.03, 0.02, 0.02, 0.02, 0.02, 0.02, 0.01, 0.01, 0.01, 0.01, 0.01, 0.01, 0.01, 0.01, 0.01, 0.01, 0.01, 0.00, 0.00, 0.00, 0.00, 0.00, 0.00, 0.00, 0.00, 0.00, 0.00, 0.00, 0.00, 0.00, 0.00, 0.00, 0.00, 0.00, 0.00"
6,26,"1.00, 0.90, 0.82, 0.74, 0.67, 0.61, 0.55, 0.50, 0.45, 0.41, 0.37, 0.33, 0.30, 0.27, 0.25, 0.22, 0.20, 0.18, 0.17, 0.15, 0.14, 0.12, 0.11, 0.10, 0.09, 0.08, 0.07, 0.07, 0.06, 0.06, 0.05, 0.05, 0.04, 0.04, 0.03, 0.03, 0.03, 0.02, 0.02, 0.02, 0.02, 0.02, 0.01, 0.01, 0.01, 0.01, 0.01, 0.01, 0.01, 0.01, 0.01, 0.01, 0.01, 0.00, 0.00, 0.00, 0.00, 0.00, 0.00, 0.00, 0.00, 0.00, 0.00, 0.00, 0.00, 0.00, 0.00, 0.00, 0.00, 0.00"
6,27,"1.00, 0.90, 0.82, 0.74, 0.67, 0.61, 0.55, 0.50, 0.45, 0.41, 0.37, 0.33, 0.30, 0.27, 0.25, 0.22, 0.20, 0.18, 0.17, 0.15, 0.14, 0.12, 0.11, 0.10, 0.09, 0.08, 0.07, 0.07, 0.06, 0.06, 0.05, 0.05, 0.04, 0.04, 0.03, 0.03, 0.03, 0.02, 0.02, 0.02, 0.02, 0.02, 0.01, 0.01, 0.01, 0.01, 0.01, 0.01, 0.01, 0.01, 0.01, 0.01, 0.01, 0.00, 0.00, 0.00, 0.00, 0.00, 0.00, 0.00, 0.00, 0.00, 0.00, 0.00, 0.00, 0.00, 0.00, 0.00, 0.00"
6,28,"1.00, 0.90, 0.82, 0.74, 0.67, 0.61, 0.55, 0.50, 0.45, 0.41, 0.37, 0.33, 0.30, 0.27, 0.25, 0.22, 0.20, 0.18, 0.17, 0.15, 0.14, 0.12, 0.11, 0.10, 0.09, 0.08, 0.07, 0.07, 0.06, 0.06, 0.05, 0.05, 0.04, 0.04, 0.03, 0.03, 0.03, 0.02, 0.02, 0.02, 0.02, 0.02, 0.01, 0.01, 0.01, 0.01, 0.01, 0.01, 0.01, 0.01, 0.01, 0.01, 0.01, 0.00, 0.00, 0.00, 0.00, 0.00, 0.00, 0.00, 0.00, 0.00, 0.00, 0.00, 0.00, 0.00, 0.00, 0.00"
6,29,"1.00, 0.90, 0.82, 0.74, 0.67, 0.61, 0.55, 0.50, 0.45, 0.41, 0.37, 0.33, 0.30, 0.27, 0.25, 0.22, 0.20, 0.18, 0.17, 0.15, 0.14, 0.12, 0.11, 0.10, 0.09, 0.08, 0.07, 0.07, 0.06, 0.06, 0.05, 0.05, 0.04, 0.04, 0.03, 0.03, 0.03, 0.02, 0.02, 0.02, 0.02, 0.02, 0.01, 0.01, 0.01, 0.01, 0.01, 0.01, 0.01, 0.01, 0.01, 0.01, 0.01, 0.00, 0.00, 0.00, 0.00, 0.00, 0.00, 0.00, 0.00, 0.00, 0.00, 0.00, 0.00, 0.00, 0.00"
6,30,"1.00, 0.90, 0.82, 0.74, 0.67, 0.61, 0.55, 0.50, 0.45, 0.41, 0.37, 0.33, 0.30, 0.27, 0.25, 0.22, 0.20, 0.18, 0.17, 0.15, 0.14, 0.12, 0.11, 0.10, 0.09, 0.08, 0.07, 0.07, 0.06, 0.06, 0.05, 0.05, 0.04, 0.04, 0.03, 0.03, 0.03, 0.02, 0.02, 0.02, 0.02, 0.02, 0.01, 0.01, 0.01, 0.01, 0.01, 0.01, 0.01, 0.01, 0.01, 0.01, 0.01, 0.00, 0.00, 0.00, 0.00, 0.00, 0.00, 0.00, 0.00, 0.00, 0.00, 0.00, 0.00, 0.00"
6,31,"1.00, 0.90, 0.82, 0.74, 0.67, 0.61, 0.55, 0.50, 0.45, 0.41, 0.37, 0.33, 0.30, 0.27, 0.25, 0.22, 0.20, 0.18, 0.17, 0.15, 0.14, 0.12, 0.11, 0.10, 0.09, 0.08, 0.07, 0.07, 0.06, 0.06, 0.05, 0.05, 0.04, 0.04, 0.03, 0.03, 0.03, 0.02, 0.02, 0.02, 0.02, 0.02, 0.01, 0.01, 0.01, 0.01, 0.01, 0.01, 0.01, 0.01, 0.01, 0.01, 0.01, 0.00, 0.00, 0.00, 0.00, 0.00, 0.00, 0.00, 0.00, 0.00, 0.00, 0.00, 0.00"
