Time Step,Satellite Index,Satellite Visible,Satellite Available,Active Satellite,Weighted Values,Unweighted Values,Availability,BER,Cost,Latency,Data Transfer Latency,Throughput,Weighted Availability,Weighted BER,Weighted Cost,Weighted Latency,Weighted Data Transfer Latency,Weighted Throughput,Values Used
0,1,No,No,No,,,0.0,0.0,,0.0,0.0,0.0,,,,,,,"('Penalty', 0.0)"
0,2,No,No,No,,,0.0,0.0,,0.0,0.0,0.0,,,,,,,"('Penalty', 0.0)"
0,3,No,No,No,,,0.0,0.0,,0.0,0.0,0.0,,,,,,,"('Penalty', 0.0)"
0,4,No,No,No,,,0.0,0.0,,0.0,0.0,0.0,,,,,,,"('Penalty', 0.0)"
0,5,No,No,No,,,0.0,0.0,,0.0,0.0,0.0,,,,,,,"('Penalty', 0.0)"
0,6,No,No,No,,,0.0,0.0,,0.0,0.0,0.0,,,,,,,"('Penalty', 0.0)"
0,7,No,No,No,,,0.0,0.0,,0.0,0.0,0.0,,,,,,,"('Penalty', 0.0)"
0,8,No,No,No,,,0.0,0.0,,0.0,0.0,0.0,,,,,,,"('Penalty', 0.0)"
1,1,No,No,No,,,0.0,0.0,,0.0,0.0,0.0,,,,,,,"('Penalty', 0.0)"
1,2,No,No,No,,,0.0,0.0,,0.0,0.0,0.0,,,,,,,"('Penalty', 0.0)"
1,3,Yes,Yes,Yes,0.4704897742401225,4.522994896350755,0.32,0.4117647058823529,0.9836033324480903,1.0,0.858991415829856,0.9486354421904564,0.0,0.0,0.0,0.1,0.08589914158298562,0.2845906326571369,"('Penalty', 0.0)"
1,4,No,No,No,,,0.0,0.0,,0.0,0.0,0.0,,,,,,,"('Penalty', 0.0)"
1,5,No,No,No,,,0.0,0.0,,0.0,0.0,0.0,,,,,,,"('Penalty', 0.0)"
1,6,No,No,No,,,0.0,0.0,,0.0,0.0,0.0,,,,,,,"('Penalty', 0.0)"
1,7,No,No,No,,,0.0,0.0,,0.0,0.0,0.0,,,,,,,"('Penalty', 0.0)"
1,8,Yes,No,No,0.08118715865282483,1.7954749189763386,0.0,0.0,0.9836033324480903,0.30187910340187535,0.509992483126373,0.0,0.0,0.0,0.0,0.030187910340187536,0.0509992483126373,0.0,"('Penalty', 0.0)"
2,1,No,No,No,,,0.0,0.0,,0.0,0.0,0.0,,,,,,,"('Penalty', 0.0)"
2,2,No,No,No,,,0.0,0.0,,0.0,0.0,0.0,,,,,,,"('Penalty', 0.0)"
2,3,Yes,Yes,Yes,0.46328871399156807,4.362433676015355,0.28,0.35294117647058826,0.9836033324480903,0.9771998316354569,0.8251903490517176,0.943498986409502,0.0,0.0,0.0,0.09771998316354569,0.08251903490517176,0.2830496959228506,"('Penalty', 0.0)"
2,4,No,No,No,,,0.0,0.0,,0.0,0.0,0.0,,,,,,,"('Penalty', 0.0)"
2,5,No,No,No,,,0.0,0.0,,0.0,0.0,0.0,,,,,,,"('Penalty', 0.0)"
2,6,No,No,No,,,0.0,0.0,,0.0,0.0,0.0,,,,,,,"('Penalty', 0.0)"
2,7,No,No,No,,,0.0,0.0,,0.0,0.0,0.0,,,,,,,"('Penalty', 0.0)"
2,8,No,No,No,,,0.0,0.0,,0.0,0.0,0.0,,,,,,,"('Penalty', 0.0)"
3,1,No,No,No,,,0.0,0.0,,0.0,0.0,0.0,,,,,,,"('Penalty', 0.0)"
3,2,No,No,No,,,0.0,0.0,,0.0,0.0,0.0,,,,,,,"('Penalty', 0.0)"
3,3,Yes,Yes,Yes,0.449651463162835,4.139793419114148,0.24,0.29411764705882354,0.9836033324480903,0.8955491044650363,0.7893022391316404,0.9372210960105577,0.0,0.0,0.0,0.08955491044650364,0.07893022391316405,0.2811663288031673,"('Penalty', 0.0)"
3,4,No,No,No,,,0.0,0.0,,0.0,0.0,0.0,,,,,,,"('Penalty', 0.0)"
3,5,No,No,No,,,0.0,0.0,,0.0,0.0,0.0,,,,,,,"('Penalty', 0.0)"
3,6,No,No,No,,,0.0,0.0,,0.0,0.0,0.0,,,,,,,"('Penalty', 0.0)"
3,7,No,No,No,,,0.0,0.0,,0.0,0.0,0.0,,,,,,,"('Penalty', 0.0)"
3,8,No,No,No,,,0.0,0.0,,0.0,0.0,0.0,,,,,,,"('Penalty', 0.0)"
4,1,No,No,No,,,0.0,0.0,,0.0,0.0,0.0,,,,,,,"('Penalty', 0.0)"
4,2,No,No,No,,,0.0,0.0,,0.0,0.0,0.0,,,,,,,"('Penalty', 0.0)"
4,3,Yes,Yes,Yes,0.433375630326022,3.8939062873316144,0.2,0.23529411764705882,0.9836033324480903,0.7923617167055603,0.7532733875190274,0.9293737330118774,0.0,0.0,0.0,0.07923617167055604,0.07532733875190274,0.2788121199035632,"('Penalty', 0.0)"
4,4,No,No,No,,,0.0,0.0,,0.0,0.0,0.0,,,,,,,"('Penalty', 0.0)"
4,5,No,No,No,,,0.0,0.0,,0.0,0.0,0.0,,,,,,,"('Penalty', 0.0)"
4,6,No,No,No,,,0.0,0.0,,0.0,0.0,0.0,,,,,,,"('Penalty', 0.0)"
4,7,No,No,No,,,0.0,0.0,,0.0,0.0,0.0,,,,,,,"('Penalty', 0.0)"
4,8,No,No,No,,,0.0,0.0,,0.0,0.0,0.0,,,,,,,"('Penalty', 0.0)"
5,1,No,No,No,,,0.0,0.0,,0.0,0.0,0.0,,,,,,,"('Penalty', 0.0)"
5,2,No,No,No,,,0.0,0.0,,0.0,0.0,0.0,,,,,,,"('Penalty', 0.0)"
5,3,Yes,Yes,Yes,0.484184360594049,3.650407817554709,0.16,0.17647058823529413,0.9836033324480903,0.6926788570382902,0.718370773533746,0.9192842662992884,0.032,0.03529411764705883,0.0,0.06926788570382902,0.0718370773533746,0.2757852798897865,"('Penalty', 0.16)"
5,4,No,No,No,,,0.0,0.0,,0.0,0.0,0.0,,,,,,,"('Penalty', 0.0)"
5,5,No,No,No,,,0.0,0.0,,0.0,0.0,0.0,,,,,,,"('Penalty', 0.0)"
5,6,No,No,No,,,0.0,0.0,,0.0,0.0,0.0,,,,,,,"('Penalty', 0.0)"
5,7,No,No,No,,,0.0,0.0,,0.0,0.0,0.0,,,,,,,"('Penalty', 0.0)"
5,8,No,No,No,,,0.0,0.0,,0.0,0.0,0.0,,,,,,,"('Penalty', 0.0)"
6,1,No,No,No,,,0.0,0.0,,0.0,0.0,0.0,,,,,,,"('Penalty', 0.0)"
6,2,No,No,No,,,0.0,0.0,,0.0,0.0,0.0,,,,,,,"('Penalty', 0.0)"
6,3,Yes,Yes,Yes,0.4484676262399009,3.418969247991897,0.12,0.11764705882352941,0.9836033324480903,0.6065919122759648,0.6852953004284759,0.9058316440158365,0.024,0.023529411764705882,0.0,0.06065919122759648,0.06852953004284759,0.27174949320475095,"('Penalty', 0.12)"
6,4,No,No,No,,,0.0,0.0,,0.0,0.0,0.0,,,,,,,"('Penalty', 0.0)"
6,5,No,No,No,,,0.0,0.0,,0.0,0.0,0.0,,,,,,,"('Penalty', 0.0)"
6,6,No,No,No,,,0.0,0.0,,0.0,0.0,0.0,,,,,,,"('Penalty', 0.0)"
6,7,No,No,No,,,0.0,0.0,,0.0,0.0,0.0,,,,,,,"('Penalty', 0.0)"
6,8,No,No,No,,,0.0,0.0,,0.0,0.0,0.0,,,,,,,"('Penalty', 0.0)"
7,1,No,No,No,,,0.0,0.0,,0.0,0.0,0.0,,,,,,,"('Penalty', 0.0)"
7,2,No,No,No,,,0.0,0.0,,0.0,0.0,0.0,,,,,,,"('Penalty', 0.0)"
7,3,Yes,Yes,Yes,0.41280372885808814,3.1988211459792,0.08,0.058823529411764705,0.9836033324480903,0.5350667465852539,0.6543295647150875,0.8869979728190037,0.016,0.011764705882352941,0.0,0.05350667465852539,0.06543295647150875,0.2660993918457011,"('Penalty', 0.08)"
7,4,No,No,No,,,0.0,0.0,,0.0,0.0,0.0,,,,,,,"('Penalty', 0.0)"
7,5,No,No,No,,,0.0,0.0,,0.0,0.0,0.0,,,,,,,"('Penalty', 0.0)"
7,6,No,No,No,,,0.0,0.0,,0.0,0.0,0.0,,,,,,,"('Penalty', 0.0)"
7,7,No,No,No,,,0.0,0.0,,0.0,0.0,0.0,,,,,,,"('Penalty', 0.0)"
7,8,No,No,No,,,0.0,0.0,,0.0,0.0,0.0,,,,,,,"('Penalty', 0.0)"
8,1,No,No,No,,,0.0,0.0,,0.0,0.0,0.0,,,,,,,"('Penalty', 0.0)"
8,2,No,No,No,,,0.0,0.0,,0.0,0.0,0.0,,,,,,,"('Penalty', 0.0)"
8,3,Yes,Yes,Yes,0.37581995324706724,2.9843079328712534,0.04,0.0,0.9836033324480903,0.4764164663412848,0.6255406680581235,0.8587474660237547,0.008,0.0,0.0,0.04764164663412848,0.06255406680581235,0.2576242398071264,"('Penalty', 0.04)"
8,4,No,No,No,,,0.0,0.0,,0.0,0.0,0.0,,,,,,,"('Penalty', 0.0)"
8,5,No,No,No,,,0.0,0.0,,0.0,0.0,0.0,,,,,,,"('Penalty', 0.0)"
8,6,No,No,No,,,0.0,0.0,,0.0,0.0,0.0,,,,,,,"('Penalty', 0.0)"
8,7,No,No,No,,,0.0,0.0,,0.0,0.0,0.0,,,,,,,"('Penalty', 0.0)"
8,8,No,No,No,,,0.0,0.0,,0.0,0.0,0.0,,,,,,,"('Penalty', 0.0)"
9,1,No,No,No,,,0.0,0.0,,0.0,0.0,0.0,,,,,,,"('Penalty', 0.0)"
9,2,No,No,No,,,0.0,0.0,,0.0,0.0,0.0,,,,,,,"('Penalty', 0.0)"
9,3,Yes,No,Yes,0.34620323578993684,2.8223048694356843,0.0,0.0,0.9836033324480903,0.4281793851772491,0.5988567413544575,0.8116654104558871,0.0,0.0,0.0,0.04281793851772492,0.05988567413544576,0.24349962313676612,"('Penalty', 0.0)"
9,4,No,No,No,,,0.0,0.0,,0.0,0.0,0.0,,,,,,,"('Penalty', 0.0)"
9,5,No,No,No,,,0.0,0.0,,0.0,0.0,0.0,,,,,,,"('Penalty', 0.0)"
9,6,No,No,No,,,0.0,0.0,,0.0,0.0,0.0,,,,,,,"('Penalty', 0.0)"
9,7,No,No,No,,,0.0,0.0,,0.0,0.0,0.0,,,,,,,"('Penalty', 0.0)"
9,8,No,No,No,,,0.0,0.0,,0.0,0.0,0.0,,,,,,,"('Penalty', 0.0)"
10,1,No,No,No,,,0.0,0.0,,0.0,0.0,0.0,,,,,,,"('Penalty', 0.0)"
10,2,No,No,No,,,0.0,0.0,,0.0,0.0,0.0,,,,,,,"('Penalty', 0.0)"
10,3,Yes,No,Yes,0.3115039445186166,2.6634957698387565,0.0,0.0,0.9836033324480903,0.38816815356767026,0.5741507799252464,0.7175735038977498,0.0,0.0,0.0,0.03881681535676703,0.05741507799252465,0.21527205116932494,"('Penalty', 0.0)"
10,4,No,No,No,,,0.0,0.0,,0.0,0.0,0.0,,,,,,,"('Penalty', 0.0)"
10,5,No,No,No,,,0.0,0.0,,0.0,0.0,0.0,,,,,,,"('Penalty', 0.0)"
10,6,No,No,No,,,0.0,0.0,,0.0,0.0,0.0,,,,,,,"('Penalty', 0.0)"
10,7,No,No,No,,,0.0,0.0,,0.0,0.0,0.0,,,,,,,"('Penalty', 0.0)"
10,8,No,No,No,,,0.0,0.0,,0.0,0.0,0.0,,,,,,,"('Penalty', 0.0)"
11,1,No,No,No,,,0.0,0.0,,0.0,0.0,0.0,,,,,,,"('Penalty', 0.0)"
11,2,No,No,No,,,0.0,0.0,,0.0,0.0,0.0,,,,,,,"('Penalty', 0.0)"
11,3,Yes,No,Yes,0.2265862231460506,2.342856889440562,0.0,0.0,0.9836033324480903,0.35466944399899086,0.5512797757594634,0.4533043372340172,0.0,0.0,0.0,0.035466944399899086,0.05512797757594634,0.13599130117020516,"('Penalty', 0.0)"
11,4,No,No,No,,,0.0,0.0,,0.0,0.0,0.0,,,,,,,"('Penalty', 0.0)"
11,5,No,No,No,,,0.0,0.0,,0.0,0.0,0.0,,,,,,,"('Penalty', 0.0)"
11,6,No,No,No,,,0.0,0.0,,0.0,0.0,0.0,,,,,,,"('Penalty', 0.0)"
11,7,Yes,No,No,0.10836298113774077,2.067233143825498,0.0,0.0,0.9836033324480903,0.29693906498710665,0.786690746390301,0.0,0.0,0.0,0.0,0.029693906498710666,0.07866907463903011,0.0,"('Penalty', 0.0)"
11,8,No,No,No,,,0.0,0.0,,0.0,0.0,0.0,,,,,,,"('Penalty', 0.0)"
12,1,No,No,No,,,0.0,0.0,,0.0,0.0,0.0,,,,,,,"('Penalty', 0.0)"
12,2,No,No,No,,,0.0,0.0,,0.0,0.0,0.0,,,,,,,"('Penalty', 0.0)"
12,3,Yes,No,No,0.08564367818054594,1.8400401142535496,0.0,0.0,0.9836033324480903,0.32634402052526684,0.5300927612801924,0.0,0.0,0.0,0.0,0.032634402052526684,0.05300927612801925,0.0,"('Penalty', 0.0)"
12,4,No,No,No,,,0.0,0.0,,0.0,0.0,0.0,,,,,,,"('Penalty', 0.0)"
12,5,No,No,No,,,0.0,0.0,,0.0,0.0,0.0,,,,,,,"('Penalty', 0.0)"
12,6,No,No,No,,,0.0,0.0,,0.0,0.0,0.0,,,,,,,"('Penalty', 0.0)"
12,7,Yes,No,Yes,0.11285684793177667,2.112171811765857,0.0,0.0,0.9836033324480903,0.32102036689492264,0.8075481124228441,0.0,0.0,0.0,0.0,0.03210203668949226,0.08075481124228441,0.0,"('Penalty', 0.0)"
12,8,No,No,No,,,0.0,0.0,,0.0,0.0,0.0,,,,,,,"('Penalty', 0.0)"
13,1,No,No,No,,,0.0,0.0,,0.0,0.0,0.0,,,,,,,"('Penalty', 0.0)"
13,2,No,No,No,,,0.0,0.0,,0.0,0.0,0.0,,,,,,,"('Penalty', 0.0)"
13,3,Yes,No,No,0.08125786809284184,1.7961820133765087,0.0,0.0,0.9836033324480903,0.302142023089035,0.5104366578393834,0.0,0.0,0.0,0.0,0.0302142023089035,0.05104366578393835,0.0,"('Penalty', 0.0)"
13,4,No,No,No,,,0.0,0.0,,0.0,0.0,0.0,,,,,,,"('Penalty', 0.0)"
13,5,No,No,No,,,0.0,0.0,,0.0,0.0,0.0,,,,,,,"('Penalty', 0.0)"
13,6,No,No,No,,,0.0,0.0,,0.0,0.0,0.0,,,,,,,"('Penalty', 0.0)"
13,7,Yes,No,Yes,0.40515827454717657,3.1180603147511974,0.0,0.0,0.9836033324480903,0.3490919049437259,0.826802195775052,0.9585628815843292,0.0,0.0,0.0,0.03490919049437259,0.08268021957750521,0.2875688644752988,"('Penalty', 0.0)"
13,8,No,No,No,,,0.0,0.0,,0.0,0.0,0.0,,,,,,,"('Penalty', 0.0)"
14,1,No,No,No,,,0.0,0.0,,0.0,0.0,0.0,,,,,,,"('Penalty', 0.0)"
14,2,No,No,No,,,0.0,0.0,,0.0,0.0,0.0,,,,,,,"('Penalty', 0.0)"
14,3,No,No,No,,,0.0,0.0,,0.0,0.0,0.0,,,,,,,"('Penalty', 0.0)"
14,4,No,No,No,,,0.0,0.0,,0.0,0.0,0.0,,,,,,,"('Penalty', 0.0)"
14,5,No,No,No,,,0.0,0.0,,0.0,0.0,0.0,,,,,,,"('Penalty', 0.0)"
14,6,No,No,No,,,0.0,0.0,,0.0,0.0,0.0,,,,,,,"('Penalty', 0.0)"
14,7,Yes,No,Yes,0.42110855558195026,3.2045111075876527,0.0,0.0,0.9836033324480903,0.3820594246594171,0.8437594601401747,0.9950888903399704,0.0,0.0,0.0,0.038205942465941715,0.08437594601401747,0.2985266671019911,"('Penalty', 0.0)"
14,8,No,No,No,,,0.0,0.0,,0.0,0.0,0.0,,,,,,,"('Penalty', 0.0)"
15,1,No,No,No,,,0.0,0.0,,0.0,0.0,0.0,,,,,,,"('Penalty', 0.0)"
15,2,No,No,No,,,0.0,0.0,,0.0,0.0,0.0,,,,,,,"('Penalty', 0.0)"
15,3,No,No,No,,,0.0,0.0,,0.0,0.0,0.0,,,,,,,"('Penalty', 0.0)"
15,4,No,No,No,,,0.0,0.0,,0.0,0.0,0.0,,,,,,,"('Penalty', 0.0)"
15,5,No,No,No,,,0.0,0.0,,0.0,0.0,0.0,,,,,,,"('Penalty', 0.0)"
15,6,No,No,No,,,0.0,0.0,,0.0,0.0,0.0,,,,,,,"('Penalty', 0.0)"
15,7,Yes,Yes,Yes,0.4265156760156542,3.897719975658718,0.64,0.0,0.9836033324480903,0.42096859963047606,0.8576279851071943,0.9955200584729574,0.0,0.0,0.0,0.04209685996304761,0.08576279851071944,0.2986560175418872,"('Penalty', 0.0)"
15,8,No,No,No,,,0.0,0.0,,0.0,0.0,0.0,,,,,,,"('Penalty', 0.0)"
16,1,No,No,No,,,0.0,0.0,,0.0,0.0,0.0,,,,,,,"('Penalty', 0.0)"
16,2,No,No,No,,,0.0,0.0,,0.0,0.0,0.0,,,,,,,"('Penalty', 0.0)"
16,3,No,No,No,,,0.0,0.0,,0.0,0.0,0.0,,,,,,,"('Penalty', 0.0)"
16,4,No,No,No,,,0.0,0.0,,0.0,0.0,0.0,,,,,,,"('Penalty', 0.0)"
16,5,No,No,No,,,0.0,0.0,,0.0,0.0,0.0,,,,,,,"('Penalty', 0.0)"
16,6,No,No,No,,,0.0,0.0,,0.0,0.0,0.0,,,,,,,"('Penalty', 0.0)"
16,7,Yes,Yes,Yes,0.43202231876933683,3.913346384215073,0.6,0.0,0.9836033324480903,0.46695019211032907,0.8675527916934609,0.9952400679631928,0.0,0.0,0.0,0.04669501921103291,0.0867552791693461,0.2985720203889578,"('Penalty', 0.0)"
16,8,No,No,No,,,0.0,0.0,,0.0,0.0,0.0,,,,,,,"('Penalty', 0.0)"
17,1,No,No,No,,,0.0,0.0,,0.0,0.0,0.0,,,,,,,"('Penalty', 0.0)"
17,2,No,No,No,,,0.0,0.0,,0.0,0.0,0.0,,,,,,,"('Penalty', 0.0)"
17,3,No,No,No,,,0.0,0.0,,0.0,0.0,0.0,,,,,,,"('Penalty', 0.0)"
17,4,No,No,No,,,0.0,0.0,,0.0,0.0,0.0,,,,,,,"('Penalty', 0.0)"
17,5,No,No,No,,,0.0,0.0,,0.0,0.0,0.0,,,,,,,"('Penalty', 0.0)"
17,6,No,No,No,,,0.0,0.0,,0.0,0.0,0.0,,,,,,,"('Penalty', 0.0)"
17,7,Yes,Yes,Yes,0.4378425414107603,4.579242091763621,0.56,0.6470588235294118,0.9836033324480903,0.5209837796568043,0.8726734169685728,0.994922739160742,0.0,0.0,0.0,0.05209837796568043,0.08726734169685729,0.2984768217482226,"('Penalty', 0.0)"
17,8,No,No,No,,,0.0,0.0,,0.0,0.0,0.0,,,,,,,"('Penalty', 0.0)"
18,1,No,No,No,,,0.0,0.0,,0.0,0.0,0.0,,,,,,,"('Penalty', 0.0)"
18,2,No,No,No,,,0.0,0.0,,0.0,0.0,0.0,,,,,,,"('Penalty', 0.0)"
18,3,No,No,No,,,0.0,0.0,,0.0,0.0,0.0,,,,,,,"('Penalty', 0.0)"
18,4,No,No,No,,,0.0,0.0,,0.0,0.0,0.0,,,,,,,"('Penalty', 0.0)"
18,5,No,No,No,,,0.0,0.0,,0.0,0.0,0.0,,,,,,,"('Penalty', 0.0)"
18,6,No,No,No,,,0.0,0.0,,0.0,0.0,0.0,,,,,,,"('Penalty', 0.0)"
18,7,Yes,Yes,Yes,0.44391810914355206,4.541899562656811,0.52,0.5882352941176471,0.9836033324480903,0.5832902927239488,0.8722105656949,0.9945600776722239,0.0,0.0,0.0,0.05832902927239489,0.08722105656949,0.2983680233016672,"('Penalty', 0.0)"
18,8,No,No,No,,,0.0,0.0,,0.0,0.0,0.0,,,,,,,"('Penalty', 0.0)"
19,1,No,No,No,,,0.0,0.0,,0.0,0.0,0.0,,,,,,,"('Penalty', 0.0)"
19,2,No,No,No,,,0.0,0.0,,0.0,0.0,0.0,,,,,,,"('Penalty', 0.0)"
19,3,No,No,No,,,0.0,0.0,,0.0,0.0,0.0,,,,,,,"('Penalty', 0.0)"
19,4,No,No,No,,,0.0,0.0,,0.0,0.0,0.0,,,,,,,"('Penalty', 0.0)"
19,5,No,No,No,,,0.0,0.0,,0.0,0.0,0.0,,,,,,,"('Penalty', 0.0)"
19,6,No,No,No,,,0.0,0.0,,0.0,0.0,0.0,,,,,,,"('Penalty', 0.0)"
19,7,Yes,Yes,Yes,0.5459947278024251,4.504679130961126,0.48,0.5294117647058824,0.9836033324480903,0.6519406113614514,0.8655818003371534,0.9941416221085485,0.096,0.0,0.0,0.06519406113614515,0.08655818003371535,0.29824248663256453,"('Penalty', 0.48)"
19,8,No,No,No,,,0.0,0.0,,0.0,0.0,0.0,,,,,,,"('Penalty', 0.0)"
20,1,No,No,No,,,0.0,0.0,,0.0,0.0,0.0,,,,,,,"('Penalty', 0.0)"
20,2,No,No,No,,,0.0,0.0,,0.0,0.0,0.0,,,,,,,"('Penalty', 0.0)"
20,3,No,No,No,,,0.0,0.0,,0.0,0.0,0.0,,,,,,,"('Penalty', 0.0)"
20,4,No,No,No,,,0.0,0.0,,0.0,0.0,0.0,,,,,,,"('Penalty', 0.0)"
20,5,No,No,No,,,0.0,0.0,,0.0,0.0,0.0,,,,,,,"('Penalty', 0.0)"
20,6,No,No,No,,,0.0,0.0,,0.0,0.0,0.0,,,,,,,"('Penalty', 0.0)"
20,7,Yes,Yes,Yes,0.5433860726253996,4.46074544609435,0.44,0.47058823529411764,0.9836033324480903,0.7203562626330621,0.8525441917681518,0.9936534239509276,0.08800000000000001,0.0,0.0,0.07203562626330622,0.08525441917681519,0.2980960271852783,"('Penalty', 0.44)"
20,8,No,No,No,,,0.0,0.0,,0.0,0.0,0.0,,,,,,,"('Penalty', 0.0)"
21,1,No,No,No,,,0.0,0.0,,0.0,0.0,0.0,,,,,,,"('Penalty', 0.0)"
21,2,No,No,No,,,0.0,0.0,,0.0,0.0,0.0,,,,,,,"('Penalty', 0.0)"
21,3,No,No,No,,,0.0,0.0,,0.0,0.0,0.0,,,,,,,"('Penalty', 0.0)"
21,4,No,No,No,,,0.0,0.0,,0.0,0.0,0.0,,,,,,,"('Penalty', 0.0)"
21,5,No,No,No,,,0.0,0.0,,0.0,0.0,0.0,,,,,,,"('Penalty', 0.0)"
21,6,No,No,No,,,0.0,0.0,,0.0,0.0,0.0,,,,,,,"('Penalty', 0.0)"
21,7,Yes,Yes,Yes,0.6211412479799776,4.39709818138167,0.4,0.4117647058823529,0.9836033324480903,0.775305377171219,0.8333483033880877,0.993076462491921,0.08000000000000002,0.08235294117647059,0.0,0.0775305377171219,0.08333483033880879,0.2979229387475763,"('Penalty', 0.4)"
21,8,No,No,No,,,0.0,0.0,,0.0,0.0,0.0,,,,,,,"('Penalty', 0.0)"
22,1,No,No,No,,,0.0,0.0,,0.0,0.0,0.0,,,,,,,"('Penalty', 0.0)"
22,2,No,No,No,,,0.0,0.0,,0.0,0.0,0.0,,,,,,,"('Penalty', 0.0)"
22,3,No,No,No,,,0.0,0.0,,0.0,0.0,0.0,,,,,,,"('Penalty', 0.0)"
22,4,No,No,No,,,0.0,0.0,,0.0,0.0,0.0,,,,,,,"('Penalty', 0.0)"
22,5,No,No,No,,,0.0,0.0,,0.0,0.0,0.0,,,,,,,"('Penalty', 0.0)"
22,6,No,No,No,,,0.0,0.0,,0.0,0.0,0.0,,,,,,,"('Penalty', 0.0)"
22,7,Yes,Yes,Yes,0.6011817725710691,4.297711664205967,0.36,0.35294117647058826,0.9836033324480903,0.7999528776205342,0.8088301689256414,0.992384108741113,0.072,0.07058823529411766,0.0,0.07999528776205343,0.08088301689256415,0.2977152326223339,"('Penalty', 0.36)"
22,8,No,No,No,,,0.0,0.0,,0.0,0.0,0.0,,,,,,,"('Penalty', 0.0)"
23,1,No,No,No,,,0.0,0.0,,0.0,0.0,0.0,,,,,,,"('Penalty', 0.0)"
23,2,Yes,No,No,0.1139250317481266,2.122853649929356,0.0,0.0,0.9836033324480903,0.30407667996672805,0.8351736375145378,0.0,0.0,0.0,0.0,0.030407667996672806,0.08351736375145379,0.0,"('Penalty', 0.0)"
23,3,No,No,No,,,0.0,0.0,,0.0,0.0,0.0,,,,,,,"('Penalty', 0.0)"
23,4,No,No,No,,,0.0,0.0,,0.0,0.0,0.0,,,,,,,"('Penalty', 0.0)"
23,5,No,No,No,,,0.0,0.0,,0.0,0.0,0.0,,,,,,,"('Penalty', 0.0)"
23,6,No,No,No,,,0.0,0.0,,0.0,0.0,0.0,,,,,,,"('Penalty', 0.0)"
23,7,Yes,Yes,Yes,0.5767988268884408,4.154398157071201,0.32,0.29411764705882354,0.9836033324480903,0.7847919763850154,0.7803473025780351,0.9915378986012368,0.064,0.05882352941176471,0.0,0.07847919763850154,0.07803473025780351,0.297461369580371,"('Penalty', 0.32)"
23,8,No,No,No,,,0.0,0.0,,0.0,0.0,0.0,,,,,,,"('Penalty', 0.0)"
24,1,No,No,No,,,0.0,0.0,,0.0,0.0,0.0,,,,,,,"('Penalty', 0.0)"
24,2,Yes,No,No,0.11859615671331517,2.1695648995812418,0.0,0.0,0.9836033324480903,0.32842830906942,0.8575332580637315,0.0,0.0,0.0,0.0,0.032842830906942004,0.08575332580637315,0.0,"('Penalty', 0.0)"
24,3,No,No,No,,,0.0,0.0,,0.0,0.0,0.0,,,,,,,"('Penalty', 0.0)"
24,4,No,No,No,,,0.0,0.0,,0.0,0.0,0.0,,,,,,,"('Penalty', 0.0)"
24,5,No,No,No,,,0.0,0.0,,0.0,0.0,0.0,,,,,,,"('Penalty', 0.0)"
24,6,No,No,No,,,0.0,0.0,,0.0,0.0,0.0,,,,,,,"('Penalty', 0.0)"
24,7,Yes,Yes,Yes,0.548730011611138,3.9746490590596286,0.28,0.23529411764705882,0.9836033324480903,0.7357608264632025,0.7495106465748856,0.9904801359263912,0.05600000000000001,0.047058823529411764,0.0,0.07357608264632025,0.07495106465748856,0.29714404077791734,"('Penalty', 0.28)"
24,8,No,No,No,,,0.0,0.0,,0.0,0.0,0.0,,,,,,,"('Penalty', 0.0)"
25,1,No,No,No,,,0.0,0.0,,0.0,0.0,0.0,,,,,,,"('Penalty', 0.0)"
25,2,Yes,No,No,0.42069414673753924,3.209410838789279,0.0,0.0,0.9836033324480903,0.35687323900808593,0.8783672868160014,0.9905669805171017,0.0,0.0,0.0,0.035687323900808594,0.08783672868160014,0.2971700941551305,"('Penalty', 0.0)"
25,3,No,No,No,,,0.0,0.0,,0.0,0.0,0.0,,,,,,,"('Penalty', 0.0)"
25,4,No,No,No,,,0.0,0.0,,0.0,0.0,0.0,,,,,,,"('Penalty', 0.0)"
25,5,No,No,No,,,0.0,0.0,,0.0,0.0,0.0,,,,,,,"('Penalty', 0.0)"
25,6,No,No,No,,,0.0,0.0,,0.0,0.0,0.0,,,,,,,"('Penalty', 0.0)"
25,7,Yes,Yes,Yes,0.5187275518082751,3.776167951606653,0.24,0.17647058823529413,0.9836033324480903,0.6691289302531126,0.7178449453257087,0.9891201553444471,0.048,0.03529411764705883,0.0,0.06691289302531127,0.07178449453257088,0.29673604660333414,"('Penalty', 0.24)"
25,8,No,No,No,,,0.0,0.0,,0.0,0.0,0.0,,,,,,,"('Penalty', 0.0)"
26,1,No,No,No,,,0.0,0.0,,0.0,0.0,0.0,,,,,,,"('Penalty', 0.0)"
26,2,Yes,No,No,0.4268580053597897,3.264741432827009,0.0,0.0,0.9836033324480903,0.39042061742214035,0.8969965063472893,0.9937209766094891,0.0,0.0,0.0,0.039042061742214036,0.08969965063472894,0.2981162929828467,"('Penalty', 0.0)"
26,3,No,No,No,,,0.0,0.0,,0.0,0.0,0.0,,,,,,,"('Penalty', 0.0)"
26,4,No,No,No,,,0.0,0.0,,0.0,0.0,0.0,,,,,,,"('Penalty', 0.0)"
26,5,No,No,No,,,0.0,0.0,,0.0,0.0,0.0,,,,,,,"('Penalty', 0.0)"
26,6,No,No,No,,,0.0,0.0,,0.0,0.0,0.0,,,,,,,"('Penalty', 0.0)"
26,7,Yes,Yes,Yes,0.4883354837613971,3.5746974154348217,0.2,0.11764705882352941,0.9836033324480903,0.5996158468367223,0.686524329424625,0.9873068479018549,0.04000000000000001,0.023529411764705882,0.0,0.059961584683672235,0.06865243294246251,0.29619205437055646,"('Penalty', 0.2)"
26,8,No,No,No,,,0.0,0.0,,0.0,0.0,0.0,,,,,,,"('Penalty', 0.0)"
27,1,No,No,No,,,0.0,0.0,,0.0,0.0,0.0,,,,,,,"('Penalty', 0.0)"
27,2,Yes,Yes,No,0.4323431628213238,5.000098272112212,0.68,1.0,0.9836033324480903,0.43038641069571537,0.9126401846938482,0.9934683442745581,0.0,0.0,0.0,0.04303864106957154,0.09126401846938482,0.2980405032823674,"('Penalty', 0.0)"
27,3,No,No,No,,,0.0,0.0,,0.0,0.0,0.0,,,,,,,"('Penalty', 0.0)"
27,4,No,No,No,,,0.0,0.0,,0.0,0.0,0.0,,,,,,,"('Penalty', 0.0)"
27,5,No,No,No,,,0.0,0.0,,0.0,0.0,0.0,,,,,,,"('Penalty', 0.0)"
27,6,No,No,No,,,0.0,0.0,,0.0,0.0,0.0,,,,,,,"('Penalty', 0.0)"
27,7,Yes,Yes,Yes,0.4583624744206435,3.378868112278309,0.16,0.058823529411764705,0.9836033324480903,0.5353648673793167,0.6563081655569112,0.984768217482226,0.032,0.011764705882352941,0.0,0.05353648673793167,0.06563081655569113,0.29543046524466776,"('Penalty', 0.16)"
27,8,No,No,No,,,0.0,0.0,,0.0,0.0,0.0,,,,,,,"('Penalty', 0.0)"
28,1,No,No,No,,,0.0,0.0,,0.0,0.0,0.0,,,,,,,"('Penalty', 0.0)"
28,2,Yes,Yes,Yes,0.43820686102739775,4.960637464286236,0.64,0.9411764705882353,0.9836033324480903,0.47831655295135916,0.9244356337865175,0.9931054745120337,0.0,0.0,0.0,0.047831655295135916,0.09244356337865176,0.2979316423536101,"('Penalty', 0.0)"
28,3,No,No,No,,,0.0,0.0,,0.0,0.0,0.0,,,,,,,"('Penalty', 0.0)"
28,4,No,No,No,,,0.0,0.0,,0.0,0.0,0.0,,,,,,,"('Penalty', 0.0)"
28,5,No,No,No,,,0.0,0.0,,0.0,0.0,0.0,,,,,,,"('Penalty', 0.0)"
28,6,No,No,No,,,0.0,0.0,,0.0,0.0,0.0,,,,,,,"('Penalty', 0.0)"
28,7,Yes,Yes,No,0.4289609631109083,3.191292419851608,0.12,0.0,0.9836033324480903,0.4791181449867501,0.627610670563985,0.9809602718527827,0.024,0.0,0.0,0.047911814498675015,0.0627610670563985,0.2942880815558348,"('Penalty', 0.12)"
28,8,No,No,No,,,0.0,0.0,,0.0,0.0,0.0,,,,,,,"('Penalty', 0.0)"
29,1,No,No,No,,,0.0,0.0,,0.0,0.0,0.0,,,,,,,"('Penalty', 0.0)"
29,2,Yes,Yes,Yes,0.44458306608191767,4.926387106065314,0.6,0.8823529411764706,0.9836033324480903,0.5362349418836476,0.9314959763678929,0.992699914189212,0.0,0.0,0.0,0.05362349418836476,0.0931495976367893,0.2978099742567636,"('Penalty', 0.0)"
29,3,No,No,No,,,0.0,0.0,,0.0,0.0,0.0,,,,,,,"('Penalty', 0.0)"
29,4,No,No,No,,,0.0,0.0,,0.0,0.0,0.0,,,,,,,"('Penalty', 0.0)"
29,5,No,No,No,,,0.0,0.0,,0.0,0.0,0.0,,,,,,,"('Penalty', 0.0)"
29,6,No,No,No,,,0.0,0.0,,0.0,0.0,0.0,,,,,,,"('Penalty', 0.0)"
29,7,Yes,Yes,No,0.41156002424582067,3.069976183298773,0.08,0.0,0.9836033324480903,0.4311306103712337,0.6006285446756867,0.9746136958037622,0.016,0.0,0.0,0.04311306103712337,0.06006285446756868,0.29238410874112863,"('Penalty', 0.08)"
29,8,No,No,No,,,0.0,0.0,,0.0,0.0,0.0,,,,,,,"('Penalty', 0.0)"
30,1,No,No,No,,,0.0,0.0,,0.0,0.0,0.0,,,,,,,"('Penalty', 0.0)"
30,2,Yes,Yes,Yes,0.45159222576595137,4.898567684220233,0.56,0.8235294117647058,0.9836033324480903,0.6062315141808887,0.932959767000511,0.9922436588260378,0.0,0.0,0.0,0.060623151418088876,0.0932959767000511,0.29767309764781136,"('Penalty', 0.0)"
30,3,No,No,No,,,0.0,0.0,,0.0,0.0,0.0,,,,,,,"('Penalty', 0.0)"
30,4,No,No,No,,,0.0,0.0,,0.0,0.0,0.0,,,,,,,"('Penalty', 0.0)"
30,5,No,No,No,,,0.0,0.0,,0.0,0.0,0.0,,,,,,,"('Penalty', 0.0)"
30,6,No,No,No,,,0.0,0.0,,0.0,0.0,0.0,,,,,,,"('Penalty', 0.0)"
30,7,Yes,Yes,No,0.3931672216397463,2.951434461434265,0.04,0.0,0.9836033324480903,0.3905071825823382,0.5754034026981922,0.9619205437056442,0.008,0.0,0.0,0.03905071825823382,0.057540340269819225,0.28857616311169326,"('Penalty', 0.04)"
30,8,No,No,No,,,0.0,0.0,,0.0,0.0,0.0,,,,,,,"('Penalty', 0.0)"
31,1,No,No,No,,,0.0,0.0,,0.0,0.0,0.0,,,,,,,"('Penalty', 0.0)"
31,2,Yes,Yes,Yes,0.7162271911253884,4.877716222520152,0.52,0.7647058823529411,0.9836033324480903,0.6895823655217751,0.9280980727829049,0.9917265694144404,0.10400000000000001,0.15294117647058825,0.0,0.06895823655217752,0.0928098072782905,0.2975179708243321,"('Penalty', 0.52)"
31,3,No,No,No,,,0.0,0.0,,0.0,0.0,0.0,,,,,,,"('Penalty', 0.0)"
31,4,No,No,No,,,0.0,0.0,,0.0,0.0,0.0,,,,,,,"('Penalty', 0.0)"
31,5,No,No,No,,,0.0,0.0,,0.0,0.0,0.0,,,,,,,"('Penalty', 0.0)"
31,6,No,No,No,,,0.0,0.0,,0.0,0.0,0.0,,,,,,,"('Penalty', 0.0)"
31,7,Yes,No,No,0.3680893199991401,2.8158774733370913,0.0,0.0,0.9836033324480903,0.3560730477413799,0.5518915635964212,0.9243095295511997,0.0,0.0,0.0,0.03560730477413799,0.055189156359642125,0.2772928588653599,"('Penalty', 0.0)"
31,8,No,No,No,,,0.0,0.0,,0.0,0.0,0.0,,,,,,,"('Penalty', 0.0)"
32,1,No,No,No,,,0.0,0.0,,0.0,0.0,0.0,,,,,,,"('Penalty', 0.0)"
32,2,Yes,Yes,Yes,0.7046237793496464,4.861687552829576,0.48,0.7058823529411765,0.9836033324480903,0.7846147189892464,0.9164515383641625,0.9911356100869003,0.096,0.14117647058823532,0.0,0.07846147189892465,0.09164515383641625,0.2973406830260701,"('Penalty', 0.48)"
32,3,No,No,No,,,0.0,0.0,,0.0,0.0,0.0,,,,,,,"('Penalty', 0.0)"
32,4,No,No,No,,,0.0,0.0,,0.0,0.0,0.0,,,,,,,"('Penalty', 0.0)"
32,5,No,No,No,,,0.0,0.0,,0.0,0.0,0.0,,,,,,,"('Penalty', 0.0)"
32,6,No,No,No,,,0.0,0.0,,0.0,0.0,0.0,,,,,,,"('Penalty', 0.0)"
32,7,Yes,No,No,0.08567881349537813,1.8403914674018718,0.0,0.0,0.9836033324480903,0.3267721283205008,0.5300160066332805,0.0,0.0,0.0,0.0,0.03267721283205008,0.053001600663328055,0.0,"('Penalty', 0.0)"
32,8,No,No,No,,,0.0,0.0,,0.0,0.0,0.0,,,,,,,"('Penalty', 0.0)"
33,1,No,No,No,,,0.0,0.0,,0.0,0.0,0.0,,,,,,,"('Penalty', 0.0)"
33,2,Yes,Yes,Yes,0.6925243353262631,4.8408803943018315,0.44,0.6470588235294118,0.9836033324480903,0.881788007265159,0.8979764971194316,0.9904537339397389,0.08800000000000001,0.12941176470588237,0.0,0.0881788007265159,0.08979764971194316,0.29713612018192165,"('Penalty', 0.44)"
33,3,No,No,No,,,0.0,0.0,,0.0,0.0,0.0,,,,,,,"('Penalty', 0.0)"
33,4,No,No,No,,,0.0,0.0,,0.0,0.0,0.0,,,,,,,"('Penalty', 0.0)"
33,5,No,No,No,,,0.0,0.0,,0.0,0.0,0.0,,,,,,,"('Penalty', 0.0)"
33,6,No,No,No,,,0.0,0.0,,0.0,0.0,0.0,,,,,,,"('Penalty', 0.0)"
33,7,Yes,No,No,0.08113682463082841,1.7949715787563743,0.0,0.0,0.9836033324480903,0.30169194585525066,0.5096763004530335,0.0,0.0,0.0,0.0,0.03016919458552507,0.05096763004530335,0.0,"('Penalty', 0.0)"
33,8,No,No,No,,,0.0,0.0,,0.0,0.0,0.0,,,,,,,"('Penalty', 0.0)"
34,1,No,No,No,,,0.0,0.0,,0.0,0.0,0.0,,,,,,,"('Penalty', 0.0)"
34,2,Yes,Yes,Yes,0.6776899980881925,4.792951595676266,0.4,0.5882352941176471,0.9836033324480903,0.9582525305719028,0.8732022267705756,0.9896582117680506,0.08000000000000002,0.11764705882352942,0.0,0.0958252530571903,0.08732022267705757,0.2968974635304152,"('Penalty', 0.4)"
34,3,No,No,No,,,0.0,0.0,,0.0,0.0,0.0,,,,,,,"('Penalty', 0.0)"
34,4,No,No,No,,,0.0,0.0,,0.0,0.0,0.0,,,,,,,"('Penalty', 0.0)"
34,5,No,No,No,,,0.0,0.0,,0.0,0.0,0.0,,,,,,,"('Penalty', 0.0)"
34,6,No,No,No,,,0.0,0.0,,0.0,0.0,0.0,,,,,,,"('Penalty', 0.0)"
34,7,No,No,No,,,0.0,0.0,,0.0,0.0,0.0,,,,,,,"('Penalty', 0.0)"
34,8,No,No,No,,,0.0,0.0,,0.0,0.0,0.0,,,,,,,"('Penalty', 0.0)"
35,1,No,No,No,,,0.0,0.0,,0.0,0.0,0.0,,,,,,,"('Penalty', 0.0)"
35,2,Yes,Yes,Yes,0.6572141868711341,4.688897338050529,0.36,0.5294117647058824,0.9836033324480903,0.9838420649403502,0.8433221267546966,0.9887180492015096,0.072,0.10588235294117648,0.0,0.09838420649403502,0.08433221267546967,0.2966154147604529,"('Penalty', 0.36)"
35,3,No,No,No,,,0.0,0.0,,0.0,0.0,0.0,,,,,,,"('Penalty', 0.0)"
35,4,No,No,No,,,0.0,0.0,,0.0,0.0,0.0,,,,,,,"('Penalty', 0.0)"
35,5,No,No,No,,,0.0,0.0,,0.0,0.0,0.0,,,,,,,"('Penalty', 0.0)"
35,6,No,No,No,,,0.0,0.0,,0.0,0.0,0.0,,,,,,,"('Penalty', 0.0)"
35,7,No,No,No,,,0.0,0.0,,0.0,0.0,0.0,,,,,,,"('Penalty', 0.0)"
35,8,No,No,No,,,0.0,0.0,,0.0,0.0,0.0,,,,,,,"('Penalty', 0.0)"
36,1,No,No,No,,,0.0,0.0,,0.0,0.0,0.0,,,,,,,"('Penalty', 0.0)"
36,2,Yes,Yes,Yes,0.6299539840544768,4.5173752294554195,0.32,0.47058823529411764,0.9836033324480903,0.9455259959640652,0.810067811627486,0.9875898541216606,0.064,0.09411764705882353,0.0,0.09455259959640652,0.0810067811627486,0.29627695623649813,"('Penalty', 0.32)"
36,3,No,No,No,,,0.0,0.0,,0.0,0.0,0.0,,,,,,,"('Penalty', 0.0)"
36,4,No,No,No,,,0.0,0.0,,0.0,0.0,0.0,,,,,,,"('Penalty', 0.0)"
36,5,No,No,No,,,0.0,0.0,,0.0,0.0,0.0,,,,,,,"('Penalty', 0.0)"
36,6,No,No,No,,,0.0,0.0,,0.0,0.0,0.0,,,,,,,"('Penalty', 0.0)"
36,7,No,No,No,,,0.0,0.0,,0.0,0.0,0.0,,,,,,,"('Penalty', 0.0)"
36,8,No,No,No,,,0.0,0.0,,0.0,0.0,0.0,,,,,,,"('Penalty', 0.0)"
37,1,No,No,No,,,0.0,0.0,,0.0,0.0,0.0,,,,,,,"('Penalty', 0.0)"
37,2,Yes,Yes,Yes,0.5979607959861234,4.299024688378837,0.28,0.4117647058823529,0.9836033324480903,0.8621176928999914,0.7753280081243344,0.9862109490240673,0.05600000000000001,0.08235294117647059,0.0,0.08621176928999914,0.07753280081243345,0.2958632847072202,"('Penalty', 0.28)"
37,3,No,No,No,,,0.0,0.0,,0.0,0.0,0.0,,,,,,,"('Penalty', 0.0)"
37,4,No,No,No,,,0.0,0.0,,0.0,0.0,0.0,,,,,,,"('Penalty', 0.0)"
37,5,No,No,No,,,0.0,0.0,,0.0,0.0,0.0,,,,,,,"('Penalty', 0.0)"
37,6,No,No,No,,,0.0,0.0,,0.0,0.0,0.0,,,,,,,"('Penalty', 0.0)"
37,7,No,No,No,,,0.0,0.0,,0.0,0.0,0.0,,,,,,,"('Penalty', 0.0)"
37,8,No,No,No,,,0.0,0.0,,0.0,0.0,0.0,,,,,,,"('Penalty', 0.0)"
38,1,No,No,No,,,0.0,0.0,,0.0,0.0,0.0,,,,,,,"('Penalty', 0.0)"
38,2,Yes,Yes,Yes,0.5644025158509429,4.06571267918278,0.24,0.35294117647058826,0.9836033324480903,0.7639919827108401,0.7406888699011859,0.9844873176520758,0.048,0.07058823529411766,0.0,0.07639919827108402,0.07406888699011858,0.2953461952956227,"('Penalty', 0.24)"
38,3,No,No,No,,,0.0,0.0,,0.0,0.0,0.0,,,,,,,"('Penalty', 0.0)"
38,4,No,No,No,,,0.0,0.0,,0.0,0.0,0.0,,,,,,,"('Penalty', 0.0)"
38,5,No,No,No,,,0.0,0.0,,0.0,0.0,0.0,,,,,,,"('Penalty', 0.0)"
38,6,No,No,No,,,0.0,0.0,,0.0,0.0,0.0,,,,,,,"('Penalty', 0.0)"
38,7,No,No,No,,,0.0,0.0,,0.0,0.0,0.0,,,,,,,"('Penalty', 0.0)"
38,8,No,No,No,,,0.0,0.0,,0.0,0.0,0.0,,,,,,,"('Penalty', 0.0)"
39,1,No,No,No,,,0.0,0.0,,0.0,0.0,0.0,,,,,,,"('Penalty', 0.0)"
39,2,Yes,Yes,Yes,0.5313270004352187,3.8382132493938523,0.2,0.29411764705882354,0.9836033324480903,0.6710164578356078,0.7072045918775297,0.9822712201738009,0.04000000000000001,0.05882352941176471,0.0,0.06710164578356079,0.07072045918775298,0.29468136605214024,"('Penalty', 0.2)"
39,3,No,No,No,,,0.0,0.0,,0.0,0.0,0.0,,,,,,,"('Penalty', 0.0)"
39,4,No,No,No,,,0.0,0.0,,0.0,0.0,0.0,,,,,,,"('Penalty', 0.0)"
39,5,No,No,No,,,0.0,0.0,,0.0,0.0,0.0,,,,,,,"('Penalty', 0.0)"
39,6,No,No,No,,,0.0,0.0,,0.0,0.0,0.0,,,,,,,"('Penalty', 0.0)"
39,7,No,No,No,,,0.0,0.0,,0.0,0.0,0.0,,,,,,,"('Penalty', 0.0)"
39,8,No,No,No,,,0.0,0.0,,0.0,0.0,0.0,,,,,,,"('Penalty', 0.0)"
40,1,No,No,No,,,0.0,0.0,,0.0,0.0,0.0,,,,,,,"('Penalty', 0.0)"
40,2,Yes,Yes,Yes,0.49945461584767076,3.6242225262055374,0.16,0.23529411764705882,0.9836033324480903,0.590562570285552,0.6754460822887352,0.9793164235361009,0.032,0.047058823529411764,0.0,0.05905625702855521,0.06754460822887352,0.29379492706083027,"('Penalty', 0.16)"
40,3,No,No,No,,,0.0,0.0,,0.0,0.0,0.0,,,,,,,"('Penalty', 0.0)"
40,4,No,No,No,,,0.0,0.0,,0.0,0.0,0.0,,,,,,,"('Penalty', 0.0)"
40,5,No,No,No,,,0.0,0.0,,0.0,0.0,0.0,,,,,,,"('Penalty', 0.0)"
40,6,No,No,No,,,0.0,0.0,,0.0,0.0,0.0,,,,,,,"('Penalty', 0.0)"
40,7,No,No,No,,,0.0,0.0,,0.0,0.0,0.0,,,,,,,"('Penalty', 0.0)"
40,8,No,No,No,,,0.0,0.0,,0.0,0.0,0.0,,,,,,,"('Penalty', 0.0)"
41,1,No,No,No,,,0.0,0.0,,0.0,0.0,0.0,,,,,,,"('Penalty', 0.0)"
41,2,Yes,Yes,Yes,0.468699299923979,3.4237663269659437,0.12,0.17647058823529413,0.9836033324480903,0.5228581865460806,0.6456545114931576,0.9751797082433212,0.024,0.03529411764705883,0.0,0.05228581865460807,0.06456545114931576,0.29255391247299634,"('Penalty', 0.12)"
41,3,No,No,No,,,0.0,0.0,,0.0,0.0,0.0,,,,,,,"('Penalty', 0.0)"
41,4,No,No,No,,,0.0,0.0,,0.0,0.0,0.0,,,,,,,"('Penalty', 0.0)"
41,5,No,No,No,,,0.0,0.0,,0.0,0.0,0.0,,,,,,,"('Penalty', 0.0)"
41,6,No,No,No,,,0.0,0.0,,0.0,0.0,0.0,,,,,,,"('Penalty', 0.0)"
41,7,No,No,No,,,0.0,0.0,,0.0,0.0,0.0,,,,,,,"('Penalty', 0.0)"
41,8,No,No,No,,,0.0,0.0,,0.0,0.0,0.0,,,,,,,"('Penalty', 0.0)"
42,1,No,No,No,,,0.0,0.0,,0.0,0.0,0.0,,,,,,,"('Penalty', 0.0)"
42,2,Yes,Yes,Yes,0.4387416544670982,3.2354235476872395,0.08,0.11764705882352941,0.9836033324480903,0.4672540370304079,0.6179444840810603,0.9689746353041515,0.016,0.023529411764705882,0.0,0.04672540370304079,0.06179444840810603,0.29069239059124546,"('Penalty', 0.08)"
42,3,No,No,No,,,0.0,0.0,,0.0,0.0,0.0,,,,,,,"('Penalty', 0.0)"
42,4,No,No,No,,,0.0,0.0,,0.0,0.0,0.0,,,,,,,"('Penalty', 0.0)"
42,5,No,No,No,,,0.0,0.0,,0.0,0.0,0.0,,,,,,,"('Penalty', 0.0)"
42,6,No,No,No,,,0.0,0.0,,0.0,0.0,0.0,,,,,,,"('Penalty', 0.0)"
42,7,No,No,No,,,0.0,0.0,,0.0,0.0,0.0,,,,,,,"('Penalty', 0.0)"
42,8,No,No,No,,,0.0,0.0,,0.0,0.0,0.0,,,,,,,"('Penalty', 0.0)"
43,1,No,No,No,,,0.0,0.0,,0.0,0.0,0.0,,,,,,,"('Penalty', 0.0)"
43,2,Yes,Yes,Yes,0.40874429716241967,3.054957080516118,0.04,0.058823529411764705,0.9836033324480903,0.4216758197925438,0.5922215517915173,0.9586328470722021,0.008,0.011764705882352941,0.0,0.04216758197925438,0.05922215517915173,0.2875898541216606,"('Penalty', 0.04)"
43,3,No,No,No,,,0.0,0.0,,0.0,0.0,0.0,,,,,,,"('Penalty', 0.0)"
43,4,No,No,No,,,0.0,0.0,,0.0,0.0,0.0,,,,,,,"('Penalty', 0.0)"
43,5,No,No,No,,,0.0,0.0,,0.0,0.0,0.0,,,,,,,"('Penalty', 0.0)"
43,6,Yes,No,No,0.11514804206212405,2.1350837530693307,0.0,0.0,0.9836033324480903,0.31205817363195437,0.839422246989286,0.0,0.0,0.0,0.0,0.03120581736319544,0.0839422246989286,0.0,"('Penalty', 0.0)"
43,7,No,No,No,,,0.0,0.0,,0.0,0.0,0.0,,,,,,,"('Penalty', 0.0)"
43,8,No,No,No,,,0.0,0.0,,0.0,0.0,0.0,,,,,,,"('Penalty', 0.0)"
44,1,No,No,No,,,0.0,0.0,,0.0,0.0,0.0,,,,,,,"('Penalty', 0.0)"
44,2,Yes,No,No,0.3765341952654122,2.8730467438856064,0.0,0.0,0.9836033324480903,0.3832343223282914,0.5682598185009219,0.9379492706083029,0.0,0.0,0.0,0.03832343223282914,0.05682598185009219,0.2813847811824909,"('Penalty', 0.0)"
44,3,No,No,No,,,0.0,0.0,,0.0,0.0,0.0,,,,,,,"('Penalty', 0.0)"
44,4,No,No,No,,,0.0,0.0,,0.0,0.0,0.0,,,,,,,"('Penalty', 0.0)"
44,5,No,No,No,,,0.0,0.0,,0.0,0.0,0.0,,,,,,,"('Penalty', 0.0)"
44,6,Yes,No,Yes,0.4073292874977296,3.143475799553616,0.0,0.0,0.9836033324480903,0.3393788244970241,0.8637834386726161,0.9567102039358852,0.0,0.0,0.0,0.03393788244970241,0.08637834386726162,0.2870130611807656,"('Penalty', 0.0)"
44,7,No,No,No,,,0.0,0.0,,0.0,0.0,0.0,,,,,,,"('Penalty', 0.0)"
44,8,No,No,No,,,0.0,0.0,,0.0,0.0,0.0,,,,,,,"('Penalty', 0.0)"
45,1,No,No,No,,,0.0,0.0,,0.0,0.0,0.0,,,,,,,"('Penalty', 0.0)"
45,2,Yes,No,No,0.3528299880043272,2.7574374180775685,0.0,0.0,0.9836033324480903,0.3505979929468852,0.5460031954756962,0.8772328972068968,0.0,0.0,0.0,0.03505979929468852,0.05460031954756962,0.263169869162069,"('Penalty', 0.0)"
45,3,No,No,No,,,0.0,0.0,,0.0,0.0,0.0,,,,,,,"('Penalty', 0.0)"
45,4,No,No,No,,,0.0,0.0,,0.0,0.0,0.0,,,,,,,"('Penalty', 0.0)"
45,5,No,No,No,,,0.0,0.0,,0.0,0.0,0.0,,,,,,,"('Penalty', 0.0)"
45,6,Yes,No,Yes,0.42169396721735386,3.22763645073909,0.0,0.0,0.9836033324480903,0.37134950322232524,0.8862303381274046,0.9864532769412697,0.0,0.0,0.0,0.037134950322232525,0.08862303381274046,0.2959359830823809,"('Penalty', 0.0)"
45,7,No,No,No,,,0.0,0.0,,0.0,0.0,0.0,,,,,,,"('Penalty', 0.0)"
45,8,No,No,No,,,0.0,0.0,,0.0,0.0,0.0,,,,,,,"('Penalty', 0.0)"
46,1,No,No,No,,,0.0,0.0,,0.0,0.0,0.0,,,,,,,"('Penalty', 0.0)"
46,2,Yes,No,No,0.084869159642117,1.8322949288692603,0.0,0.0,0.9836033324480903,0.3232239625030348,0.5254676339181352,0.0,0.0,0.0,0.0,0.03232239625030348,0.05254676339181352,0.0,"('Penalty', 0.0)"
46,3,No,No,No,,,0.0,0.0,,0.0,0.0,0.0,,,,,,,"('Penalty', 0.0)"
46,4,No,No,No,,,0.0,0.0,,0.0,0.0,0.0,,,,,,,"('Penalty', 0.0)"
46,5,No,No,No,,,0.0,0.0,,0.0,0.0,0.0,,,,,,,"('Penalty', 0.0)"
46,6,Yes,Yes,Yes,0.42734907100783304,3.9252264344717194,0.64,0.0,0.9836033324480903,0.4097843727994845,0.9059049251967939,0.9859338040273506,0.0,0.0,0.0,0.04097843727994845,0.09059049251967939,0.29578014120820517,"('Penalty', 0.0)"
46,7,No,No,No,,,0.0,0.0,,0.0,0.0,0.0,,,,,,,"('Penalty', 0.0)"
46,8,No,No,No,,,0.0,0.0,,0.0,0.0,0.0,,,,,,,"('Penalty', 0.0)"
47,1,No,No,No,,,0.0,0.0,,0.0,0.0,0.0,,,,,,,"('Penalty', 0.0)"
47,2,Yes,No,No,0.08061184200652405,1.7897217525133309,0.0,0.0,0.9836033324480903,0.29973989719932626,0.5063785228659142,0.0,0.0,0.0,0.0,0.029973989719932627,0.05063785228659143,0.0,"('Penalty', 0.0)"
47,3,No,No,No,,,0.0,0.0,,0.0,0.0,0.0,,,,,,,"('Penalty', 0.0)"
47,4,No,No,No,,,0.0,0.0,,0.0,0.0,0.0,,,,,,,"('Penalty', 0.0)"
47,5,No,No,No,,,0.0,0.0,,0.0,0.0,0.0,,,,,,,"('Penalty', 0.0)"
47,6,Yes,Yes,Yes,0.43329397187028373,4.711029455504857,0.6,0.7647058823529411,0.9836033324480903,0.45590505502069995,0.9217054466836193,0.985109738999506,0.0,0.0,0.0,0.04559050550207,0.09217054466836194,0.2955329216998518,"('Penalty', 0.0)"
47,7,No,No,No,,,0.0,0.0,,0.0,0.0,0.0,,,,,,,"('Penalty', 0.0)"
47,8,No,No,No,,,0.0,0.0,,0.0,0.0,0.0,,,,,,,"('Penalty', 0.0)"
48,1,No,No,No,,,0.0,0.0,,0.0,0.0,0.0,,,,,,,"('Penalty', 0.0)"
48,2,No,No,No,,,0.0,0.0,,0.0,0.0,0.0,,,,,,,"('Penalty', 0.0)"
48,3,No,No,No,,,0.0,0.0,,0.0,0.0,0.0,,,,,,,"('Penalty', 0.0)"
48,4,No,No,No,,,0.0,0.0,,0.0,0.0,0.0,,,,,,,"('Penalty', 0.0)"
48,5,No,No,No,,,0.0,0.0,,0.0,0.0,0.0,,,,,,,"('Penalty', 0.0)"
48,6,Yes,Yes,Yes,0.4396496871350721,4.677624361366037,0.56,0.7058823529411765,0.9836033324480903,0.5114643515685516,0.932495226721244,0.9841790976869751,0.0,0.0,0.0,0.051146435156855165,0.0932495226721244,0.2952537293060925,"('Penalty', 0.0)"
48,7,No,No,No,,,0.0,0.0,,0.0,0.0,0.0,,,,,,,"('Penalty', 0.0)"
48,8,No,No,No,,,0.0,0.0,,0.0,0.0,0.0,,,,,,,"('Penalty', 0.0)"
49,1,No,No,No,,,0.0,0.0,,0.0,0.0,0.0,,,,,,,"('Penalty', 0.0)"
49,2,No,No,No,,,0.0,0.0,,0.0,0.0,0.0,,,,,,,"('Penalty', 0.0)"
49,3,No,No,No,,,0.0,0.0,,0.0,0.0,0.0,,,,,,,"('Penalty', 0.0)"
49,4,No,No,No,,,0.0,0.0,,0.0,0.0,0.0,,,,,,,"('Penalty', 0.0)"
49,5,No,No,No,,,0.0,0.0,,0.0,0.0,0.0,,,,,,,"('Penalty', 0.0)"
49,6,Yes,Yes,Yes,0.4464615836723602,4.649029250968891,0.52,0.6470588235294118,0.9836033324480903,0.5781088904559396,0.9371338336693424,0.9831243708661068,0.0,0.0,0.0,0.05781088904559396,0.09371338336693424,0.294937311259832,"('Penalty', 0.0)"
49,7,No,No,No,,,0.0,0.0,,0.0,0.0,0.0,,,,,,,"('Penalty', 0.0)"
49,8,No,No,No,,,0.0,0.0,,0.0,0.0,0.0,,,,,,,"('Penalty', 0.0)"
50,1,No,No,No,,,0.0,0.0,,0.0,0.0,0.0,,,,,,,"('Penalty', 0.0)"
50,2,No,No,No,,,0.0,0.0,,0.0,0.0,0.0,,,,,,,"('Penalty', 0.0)"
50,3,No,No,No,,,0.0,0.0,,0.0,0.0,0.0,,,,,,,"('Penalty', 0.0)"
50,4,No,No,No,,,0.0,0.0,,0.0,0.0,0.0,,,,,,,"('Penalty', 0.0)"
50,5,No,No,No,,,0.0,0.0,,0.0,0.0,0.0,,,,,,,"('Penalty', 0.0)"
50,6,Yes,Yes,Yes,0.5496458191349278,4.624458880344785,0.48,0.5882352941176471,0.9836033324480903,0.6560886661021399,0.9346126188917939,0.9819189687851145,0.096,0.0,0.0,0.06560886661021399,0.0934612618891794,0.29457569063553435,"('Penalty', 0.48)"
50,7,No,No,No,,,0.0,0.0,,0.0,0.0,0.0,,,,,,,"('Penalty', 0.0)"
50,8,No,No,No,,,0.0,0.0,,0.0,0.0,0.0,,,,,,,"('Penalty', 0.0)"
51,1,No,No,No,,,0.0,0.0,,0.0,0.0,0.0,,,,,,,"('Penalty', 0.0)"
51,2,No,No,No,,,0.0,0.0,,0.0,0.0,0.0,,,,,,,"('Penalty', 0.0)"
51,3,No,No,No,,,0.0,0.0,,0.0,0.0,0.0,,,,,,,"('Penalty', 0.0)"
51,4,No,No,No,,,0.0,0.0,,0.0,0.0,0.0,,,,,,,"('Penalty', 0.0)"
51,5,No,No,No,,,0.0,0.0,,0.0,0.0,0.0,,,,,,,"('Penalty', 0.0)"
51,6,Yes,Yes,Yes,0.6544391654324608,4.597526981606569,0.44,0.5294117647058824,0.9836033324480903,0.7397218807278917,0.924261883494581,0.9805281202301234,0.08800000000000001,0.10588235294117648,0.0,0.07397218807278917,0.09242618834945811,0.294158436069037,"('Penalty', 0.44)"
51,7,No,No,No,,,0.0,0.0,,0.0,0.0,0.0,,,,,,,"('Penalty', 0.0)"
51,8,No,No,No,,,0.0,0.0,,0.0,0.0,0.0,,,,,,,"('Penalty', 0.0)"
52,1,No,No,No,,,0.0,0.0,,0.0,0.0,0.0,,,,,,,"('Penalty', 0.0)"
52,2,No,No,No,,,0.0,0.0,,0.0,0.0,0.0,,,,,,,"('Penalty', 0.0)"
52,3,No,No,No,,,0.0,0.0,,0.0,0.0,0.0,,,,,,,"('Penalty', 0.0)"
52,4,No,No,No,,,0.0,0.0,,0.0,0.0,0.0,,,,,,,"('Penalty', 0.0)"
52,5,No,No,No,,,0.0,0.0,,0.0,0.0,0.0,,,,,,,"('Penalty', 0.0)"
52,6,Yes,Yes,Yes,0.6408490615724549,4.563694785713254,0.4,0.47058823529411764,0.9836033324480903,0.8244861085771847,0.906111645811228,0.9789054635826336,0.08000000000000002,0.09411764705882353,0.0,0.08244861085771849,0.09061116458112281,0.2936716390747901,"('Penalty', 0.4)"
52,7,No,No,No,,,0.0,0.0,,0.0,0.0,0.0,,,,,,,"('Penalty', 0.0)"
52,8,No,No,No,,,0.0,0.0,,0.0,0.0,0.0,,,,,,,"('Penalty', 0.0)"
53,1,No,No,No,,,0.0,0.0,,0.0,0.0,0.0,,,,,,,"('Penalty', 0.0)"
53,2,No,No,No,,,0.0,0.0,,0.0,0.0,0.0,,,,,,,"('Penalty', 0.0)"
53,3,No,No,No,,,0.0,0.0,,0.0,0.0,0.0,,,,,,,"('Penalty', 0.0)"
53,4,No,No,No,,,0.0,0.0,,0.0,0.0,0.0,,,,,,,"('Penalty', 0.0)"
53,5,No,No,No,,,0.0,0.0,,0.0,0.0,0.0,,,,,,,"('Penalty', 0.0)"
53,6,Yes,Yes,Yes,0.6235731935688779,4.493595005346951,0.36,0.4117647058823529,0.9836033324480903,0.8807690010065403,0.8804701875561859,0.976987778453782,0.072,0.08235294117647059,0.0,0.08807690010065404,0.0880470187556186,0.2930963335361346,"('Penalty', 0.36)"
53,7,No,No,No,,,0.0,0.0,,0.0,0.0,0.0,,,,,,,"('Penalty', 0.0)"
53,8,No,No,No,,,0.0,0.0,,0.0,0.0,0.0,,,,,,,"('Penalty', 0.0)"
54,1,No,No,No,,,0.0,0.0,,0.0,0.0,0.0,,,,,,,"('Penalty', 0.0)"
54,2,No,No,No,,,0.0,0.0,,0.0,0.0,0.0,,,,,,,"('Penalty', 0.0)"
54,3,No,No,No,,,0.0,0.0,,0.0,0.0,0.0,,,,,,,"('Penalty', 0.0)"
54,4,No,No,No,,,0.0,0.0,,0.0,0.0,0.0,,,,,,,"('Penalty', 0.0)"
54,5,No,No,No,,,0.0,0.0,,0.0,0.0,0.0,,,,,,,"('Penalty', 0.0)"
54,6,Yes,Yes,Yes,0.6005919558226078,4.36720860160526,0.32,0.35294117647058826,0.9836033324480903,0.8870170784845915,0.8489604579028293,0.9746865562991603,0.064,0.07058823529411766,0.0,0.08870170784845915,0.08489604579028293,0.29240596688974807,"('Penalty', 0.32)"
54,7,No,No,No,,,0.0,0.0,,0.0,0.0,0.0,,,,,,,"('Penalty', 0.0)"
54,8,No,No,No,,,0.0,0.0,,0.0,0.0,0.0,,,,,,,"('Penalty', 0.0)"
55,1,No,No,No,,,0.0,0.0,,0.0,0.0,0.0,,,,,,,"('Penalty', 0.0)"
55,2,No,No,No,,,0.0,0.0,,0.0,0.0,0.0,,,,,,,"('Penalty', 0.0)"
55,3,No,No,No,,,0.0,0.0,,0.0,0.0,0.0,,,,,,,"('Penalty', 0.0)"
55,4,No,No,No,,,0.0,0.0,,0.0,0.0,0.0,,,,,,,"('Penalty', 0.0)"
55,5,No,No,No,,,0.0,0.0,,0.0,0.0,0.0,,,,,,,"('Penalty', 0.0)"
55,6,Yes,Yes,Yes,0.5717849536534103,4.183587319036347,0.28,0.29411764705882354,0.9836033324480903,0.8403027395592093,0.8136896485267126,0.9718739514435114,0.05600000000000001,0.05882352941176471,0.0,0.08403027395592094,0.08136896485267126,0.2915621854330534,"('Penalty', 0.28)"
55,7,No,No,No,,,0.0,0.0,,0.0,0.0,0.0,,,,,,,"('Penalty', 0.0)"
55,8,No,No,No,,,0.0,0.0,,0.0,0.0,0.0,,,,,,,"('Penalty', 0.0)"
56,1,No,No,No,,,0.0,0.0,,0.0,0.0,0.0,,,,,,,"('Penalty', 0.0)"
56,2,No,No,No,,,0.0,0.0,,0.0,0.0,0.0,,,,,,,"('Penalty', 0.0)"
56,3,No,No,No,,,0.0,0.0,,0.0,0.0,0.0,,,,,,,"('Penalty', 0.0)"
56,4,No,No,No,,,0.0,0.0,,0.0,0.0,0.0,,,,,,,"('Penalty', 0.0)"
56,5,No,No,No,,,0.0,0.0,,0.0,0.0,0.0,,,,,,,"('Penalty', 0.0)"
56,6,Yes,Yes,Yes,0.5393912355258654,3.9655051793117844,0.24,0.23529411764705882,0.9836033324480903,0.76140133598123,0.7768481978614545,0.9683581953739504,0.048,0.047058823529411764,0.0,0.07614013359812301,0.07768481978614546,0.29050745861218513,"('Penalty', 0.24)"
56,7,No,No,No,,,0.0,0.0,,0.0,0.0,0.0,,,,,,,"('Penalty', 0.0)"
56,8,No,No,No,,,0.0,0.0,,0.0,0.0,0.0,,,,,,,"('Penalty', 0.0)"
57,1,Yes,No,No,0.11215627930679041,2.1051661255159946,0.0,0.0,0.9836033324480903,0.30275898888658836,0.8188038041813157,0.0,0.0,0.0,0.0,0.030275898888658836,0.08188038041813157,0.0,"('Penalty', 0.0)"
57,2,No,No,No,,,0.0,0.0,,0.0,0.0,0.0,,,,,,,"('Penalty', 0.0)"
57,3,No,No,No,,,0.0,0.0,,0.0,0.0,0.0,,,,,,,"('Penalty', 0.0)"
57,4,No,No,No,,,0.0,0.0,,0.0,0.0,0.0,,,,,,,"('Penalty', 0.0)"
57,5,No,No,No,,,0.0,0.0,,0.0,0.0,0.0,,,,,,,"('Penalty', 0.0)"
57,6,Yes,Yes,Yes,0.5059467205916425,3.7389240749887627,0.2,0.17647058823529413,0.9836033324480903,0.6748098439090354,0.740202372826114,0.963837937570229,0.04000000000000001,0.03529411764705883,0.0,0.06748098439090354,0.07402023728261141,0.28915138127106865,"('Penalty', 0.2)"
57,7,No,No,No,,,0.0,0.0,,0.0,0.0,0.0,,,,,,,"('Penalty', 0.0)"
57,8,No,No,No,,,0.0,0.0,,0.0,0.0,0.0,,,,,,,"('Penalty', 0.0)"
58,1,Yes,No,No,0.11664326846813201,2.1500360171294104,0.0,0.0,0.9836033324480903,0.3266032138100852,0.8398294708712348,0.0,0.0,0.0,0.0,0.03266032138100852,0.08398294708712349,0.0,"('Penalty', 0.0)"
58,2,No,No,No,,,0.0,0.0,,0.0,0.0,0.0,,,,,,,"('Penalty', 0.0)"
58,3,No,No,No,,,0.0,0.0,,0.0,0.0,0.0,,,,,,,"('Penalty', 0.0)"
58,4,No,No,No,,,0.0,0.0,,0.0,0.0,0.0,,,,,,,"('Penalty', 0.0)"
58,5,No,No,No,,,0.0,0.0,,0.0,0.0,0.0,,,,,,,"('Penalty', 0.0)"
58,6,Yes,Yes,Yes,0.4728230372008556,3.518564791302582,0.16,0.11764705882352941,0.9836033324480903,0.5946169767902864,0.704886496075409,0.9578109271652672,0.032,0.023529411764705882,0.0,0.05946169767902864,0.0704886496075409,0.28734327814958016,"('Penalty', 0.16)"
58,7,No,No,No,,,0.0,0.0,,0.0,0.0,0.0,,,,,,,"('Penalty', 0.0)"
58,8,No,No,No,,,0.0,0.0,,0.0,0.0,0.0,,,,,,,"('Penalty', 0.0)"
59,1,Yes,No,No,0.40625771945245936,3.146899636590022,0.0,0.0,0.9836033324480903,0.3543198874716568,0.8593359714789445,0.9496404451913307,0.0,0.0,0.0,0.03543198874716568,0.08593359714789445,0.28489213355739923,"('Penalty', 0.0)"
59,2,No,No,No,,,0.0,0.0,,0.0,0.0,0.0,,,,,,,"('Penalty', 0.0)"
59,3,No,No,No,,,0.0,0.0,,0.0,0.0,0.0,,,,,,,"('Penalty', 0.0)"
59,4,No,No,No,,,0.0,0.0,,0.0,0.0,0.0,,,,,,,"('Penalty', 0.0)"
59,5,No,No,No,,,0.0,0.0,,0.0,0.0,0.0,,,,,,,"('Penalty', 0.0)"
59,6,Yes,Yes,Yes,0.4402749674074506,3.3087832519141904,0.12,0.058823529411764705,0.9836033324480903,0.5254816602253024,0.6715016172307126,0.9493731125983206,0.024,0.011764705882352941,0.0,0.05254816602253024,0.06715016172307126,0.28481193377949615,"('Penalty', 0.12)"
59,7,No,No,No,,,0.0,0.0,,0.0,0.0,0.0,,,,,,,"('Penalty', 0.0)"
59,8,No,No,No,,,0.0,0.0,,0.0,0.0,0.0,,,,,,,"('Penalty', 0.0)"
60,1,Yes,No,Yes,0.4113336328095948,3.1970772203289117,0.0,0.0,0.9836033324480903,0.3868477027334332,0.8766949650398249,0.9499312201075633,0.0,0.0,0.0,0.03868477027334333,0.0876694965039825,0.284979366032269,"('Penalty', 0.0)"
60,2,No,No,No,,,0.0,0.0,,0.0,0.0,0.0,,,,,,,"('Penalty', 0.0)"
60,3,No,No,No,,,0.0,0.0,,0.0,0.0,0.0,,,,,,,"('Penalty', 0.0)"
60,4,No,No,No,,,0.0,0.0,,0.0,0.0,0.0,,,,,,,"('Penalty', 0.0)"
60,5,No,No,No,,,0.0,0.0,,0.0,0.0,0.0,,,,,,,"('Penalty', 0.0)"
60,6,Yes,Yes,No,0.4078111339691822,3.108281890644111,0.08,0.0,0.9836033324480903,0.4676547111190721,0.640307456329048,0.9367163907479008,0.016,0.0,0.0,0.04676547111190721,0.0640307456329048,0.2810149172243702,"('Penalty', 0.08)"
60,7,No,No,No,,,0.0,0.0,,0.0,0.0,0.0,,,,,,,"('Penalty', 0.0)"
60,8,No,No,No,,,0.0,0.0,,0.0,0.0,0.0,,,,,,,"('Penalty', 0.0)"
61,1,Yes,Yes,Yes,0.41586871656292623,3.887512191722739,0.64,0.0,0.9836033324480903,0.42533405725182793,0.8911856488455143,0.9473891531773065,0.0,0.0,0.0,0.0425334057251828,0.08911856488455144,0.28421674595319196,"('Penalty', 0.0)"
61,2,No,No,No,,,0.0,0.0,,0.0,0.0,0.0,,,,,,,"('Penalty', 0.0)"
61,3,No,No,No,,,0.0,0.0,,0.0,0.0,0.0,,,,,,,"('Penalty', 0.0)"
61,4,No,No,No,,,0.0,0.0,,0.0,0.0,0.0,,,,,,,"('Penalty', 0.0)"
61,5,No,No,No,,,0.0,0.0,,0.0,0.0,0.0,,,,,,,"('Penalty', 0.0)"
61,6,Yes,Yes,No,0.38578534900741895,2.9702131138611945,0.04,0.0,0.9836033324480903,0.41964852135640734,0.6113394057261544,0.9156218543305426,0.008,0.0,0.0,0.04196485213564074,0.061133940572615446,0.2746865562991628,"('Penalty', 0.04)"
61,7,No,No,No,,,0.0,0.0,,0.0,0.0,0.0,,,,,,,"('Penalty', 0.0)"
61,8,No,No,No,,,0.0,0.0,,0.0,0.0,0.0,,,,,,,"('Penalty', 0.0)"
62,1,Yes,Yes,Yes,0.4206499718157265,4.7246980518022985,0.6,0.8235294117647058,0.9836033324480903,0.471077176161515,0.9020209261441062,0.9444672052838814,0.0,0.0,0.0,0.047107717616151505,0.09020209261441063,0.2833401615851644,"('Penalty', 0.0)"
62,2,No,No,No,,,0.0,0.0,,0.0,0.0,0.0,,,,,,,"('Penalty', 0.0)"
62,3,No,No,No,,,0.0,0.0,,0.0,0.0,0.0,,,,,,,"('Penalty', 0.0)"
62,4,No,No,No,,,0.0,0.0,,0.0,0.0,0.0,,,,,,,"('Penalty', 0.0)"
62,5,No,No,No,,,0.0,0.0,,0.0,0.0,0.0,,,,,,,"('Penalty', 0.0)"
62,6,Yes,No,No,0.35845504238634407,2.8212074879771114,0.0,0.0,0.9836033324480903,0.3796178370272215,0.5845131843345901,0.8734731341672096,0.0,0.0,0.0,0.03796178370272216,0.058451318433459014,0.26204194025016286,"('Penalty', 0.0)"
62,7,No,No,No,,,0.0,0.0,,0.0,0.0,0.0,,,,,,,"('Penalty', 0.0)"
62,8,No,No,No,,,0.0,0.0,,0.0,0.0,0.0,,,,,,,"('Penalty', 0.0)"
63,1,Yes,Yes,Yes,0.42577623269235326,4.683670401123404,0.56,0.7647058823529411,0.9836033324480903,0.525760439562905,0.9084001764588868,0.9412005703005802,0.0,0.0,0.0,0.0525760439562905,0.09084001764588868,0.2823601710901741,"('Penalty', 0.0)"
63,2,No,No,No,,,0.0,0.0,,0.0,0.0,0.0,,,,,,,"('Penalty', 0.0)"
63,3,No,No,No,,,0.0,0.0,,0.0,0.0,0.0,,,,,,,"('Penalty', 0.0)"
63,4,No,No,No,,,0.0,0.0,,0.0,0.0,0.0,,,,,,,"('Penalty', 0.0)"
63,5,No,No,No,,,0.0,0.0,,0.0,0.0,0.0,,,,,,,"('Penalty', 0.0)"
63,6,Yes,No,No,0.31483866045691195,2.636947145586146,0.0,0.0,0.9836033324480903,0.34610025375647974,0.5597221636660442,0.7475213957155318,0.0,0.0,0.0,0.034610025375647974,0.055972216366604426,0.22425641871465954,"('Penalty', 0.0)"
63,7,No,No,No,,,0.0,0.0,,0.0,0.0,0.0,,,,,,,"('Penalty', 0.0)"
63,8,No,No,No,,,0.0,0.0,,0.0,0.0,0.0,,,,,,,"('Penalty', 0.0)"
64,1,Yes,Yes,Yes,0.43128924758519915,4.647326949352526,0.52,0.7058823529411765,0.9836033324480903,0.5907672112356827,0.9095484467832097,0.9375256059443664,0.0,0.0,0.0,0.059076721123568265,0.09095484467832098,0.2812576817833099,"('Penalty', 0.0)"
64,2,No,No,No,,,0.0,0.0,,0.0,0.0,0.0,,,,,,,"('Penalty', 0.0)"
64,3,No,No,No,,,0.0,0.0,,0.0,0.0,0.0,,,,,,,"('Penalty', 0.0)"
64,4,No,No,No,,,0.0,0.0,,0.0,0.0,0.0,,,,,,,"('Penalty', 0.0)"
64,5,No,No,No,,,0.0,0.0,,0.0,0.0,0.0,,,,,,,"('Penalty', 0.0)"
64,6,Yes,No,No,0.08545336589616197,1.8381369914097099,0.0,0.0,0.9836033324480903,0.31774218863500275,0.5367914703266169,0.0,0.0,0.0,0.0,0.03177421886350028,0.05367914703266169,0.0,"('Penalty', 0.0)"
64,7,No,No,No,,,0.0,0.0,,0.0,0.0,0.0,,,,,,,"('Penalty', 0.0)"
64,8,No,No,No,,,0.0,0.0,,0.0,0.0,0.0,,,,,,,"('Penalty', 0.0)"
65,1,Yes,Yes,Yes,0.533165924380292,4.615600107099107,0.48,0.6470588235294118,0.9836033324480903,0.6667479991136874,0.9048293056672603,0.9333606463406576,0.096,0.0,0.0,0.06667479991136875,0.09048293056672603,0.2800081939021973,"('Penalty', 0.48)"
65,2,No,No,No,,,0.0,0.0,,0.0,0.0,0.0,,,,,,,"('Penalty', 0.0)"
65,3,No,No,No,,,0.0,0.0,,0.0,0.0,0.0,,,,,,,"('Penalty', 0.0)"
65,4,No,No,No,,,0.0,0.0,,0.0,0.0,0.0,,,,,,,"('Penalty', 0.0)"
65,5,No,No,No,,,0.0,0.0,,0.0,0.0,0.0,,,,,,,"('Penalty', 0.0)"
65,6,No,No,No,,,0.0,0.0,,0.0,0.0,0.0,,,,,,,"('Penalty', 0.0)"
65,7,No,No,No,,,0.0,0.0,,0.0,0.0,0.0,,,,,,,"('Penalty', 0.0)"
65,8,No,No,No,,,0.0,0.0,,0.0,0.0,0.0,,,,,,,"('Penalty', 0.0)"
66,1,Yes,Yes,Yes,0.6487155570896683,4.585322224211431,0.44,0.5882352941176471,0.9836033324480903,0.7510426157141918,0.8938402894236541,0.9286006925078476,0.08800000000000001,0.11764705882352942,0.0,0.0751042615714192,0.08938402894236541,0.27858020775235426,"('Penalty', 0.44)"
66,2,No,No,No,,,0.0,0.0,,0.0,0.0,0.0,,,,,,,"('Penalty', 0.0)"
66,3,No,No,No,,,0.0,0.0,,0.0,0.0,0.0,,,,,,,"('Penalty', 0.0)"
66,4,No,No,No,,,0.0,0.0,,0.0,0.0,0.0,,,,,,,"('Penalty', 0.0)"
66,5,No,No,No,,,0.0,0.0,,0.0,0.0,0.0,,,,,,,"('Penalty', 0.0)"
66,6,No,No,No,,,0.0,0.0,,0.0,0.0,0.0,,,,,,,"('Penalty', 0.0)"
66,7,No,No,No,,,0.0,0.0,,0.0,0.0,0.0,,,,,,,"('Penalty', 0.0)"
66,8,No,No,No,,,0.0,0.0,,0.0,0.0,0.0,,,,,,,"('Penalty', 0.0)"
67,1,Yes,Yes,Yes,0.6339348597563188,4.547323289134647,0.4,0.5294117647058824,0.9836033324480903,0.8346294516966853,0.8765703021986146,0.9231084380853742,0.08000000000000002,0.10588235294117648,0.0,0.08346294516966854,0.08765703021986147,0.27693253142561225,"('Penalty', 0.4)"
67,2,No,No,No,,,0.0,0.0,,0.0,0.0,0.0,,,,,,,"('Penalty', 0.0)"
67,3,No,No,No,,,0.0,0.0,,0.0,0.0,0.0,,,,,,,"('Penalty', 0.0)"
67,4,No,No,No,,,0.0,0.0,,0.0,0.0,0.0,,,,,,,"('Penalty', 0.0)"
67,5,No,No,No,,,0.0,0.0,,0.0,0.0,0.0,,,,,,,"('Penalty', 0.0)"
67,6,No,No,No,,,0.0,0.0,,0.0,0.0,0.0,,,,,,,"('Penalty', 0.0)"
67,7,No,No,No,,,0.0,0.0,,0.0,0.0,0.0,,,,,,,"('Penalty', 0.0)"
67,8,No,No,No,,,0.0,0.0,,0.0,0.0,0.0,,,,,,,"('Penalty', 0.0)"
68,1,Yes,Yes,Yes,0.6163320695464805,4.482934176767134,0.36,0.47058823529411764,0.9836033324480903,0.8985360615888875,0.8535057395102154,0.9167008079258222,0.072,0.09411764705882353,0.0,0.08985360615888877,0.08535057395102154,0.2750102423777466,"('Penalty', 0.36)"
68,2,No,No,No,,,0.0,0.0,,0.0,0.0,0.0,,,,,,,"('Penalty', 0.0)"
68,3,No,No,No,,,0.0,0.0,,0.0,0.0,0.0,,,,,,,"('Penalty', 0.0)"
68,4,No,No,No,,,0.0,0.0,,0.0,0.0,0.0,,,,,,,"('Penalty', 0.0)"
68,5,No,No,No,,,0.0,0.0,,0.0,0.0,0.0,,,,,,,"('Penalty', 0.0)"
68,6,No,No,No,,,0.0,0.0,,0.0,0.0,0.0,,,,,,,"('Penalty', 0.0)"
68,7,No,No,No,,,0.0,0.0,,0.0,0.0,0.0,,,,,,,"('Penalty', 0.0)"
68,8,No,No,No,,,0.0,0.0,,0.0,0.0,0.0,,,,,,,"('Penalty', 0.0)"
69,1,Yes,Yes,Yes,0.593623603118719,4.369818349551133,0.32,0.4117647058823529,0.9836033324480903,0.9196194835562536,0.8257026735635397,0.909128154100897,0.064,0.08235294117647059,0.0,0.09196194835562536,0.08257026735635398,0.2727384462302691,"('Penalty', 0.32)"
69,2,No,No,No,,,0.0,0.0,,0.0,0.0,0.0,,,,,,,"('Penalty', 0.0)"
69,3,No,No,No,,,0.0,0.0,,0.0,0.0,0.0,,,,,,,"('Penalty', 0.0)"
69,4,No,No,No,,,0.0,0.0,,0.0,0.0,0.0,,,,,,,"('Penalty', 0.0)"
69,5,No,No,No,,,0.0,0.0,,0.0,0.0,0.0,,,,,,,"('Penalty', 0.0)"
69,6,No,No,No,,,0.0,0.0,,0.0,0.0,0.0,,,,,,,"('Penalty', 0.0)"
69,7,No,No,No,,,0.0,0.0,,0.0,0.0,0.0,,,,,,,"('Penalty', 0.0)"
69,8,No,No,No,,,0.0,0.0,,0.0,0.0,0.0,,,,,,,"('Penalty', 0.0)"
70,1,Yes,Yes,Yes,0.5648977277695183,4.199557494650711,0.28,0.35294117647058826,0.9836033324480903,0.888296303452815,0.7946757127682313,0.9000409695109867,0.05600000000000001,0.07058823529411766,0.0,0.0888296303452815,0.07946757127682313,0.270012290853296,"('Penalty', 0.28)"
70,2,No,No,No,,,0.0,0.0,,0.0,0.0,0.0,,,,,,,"('Penalty', 0.0)"
70,3,No,No,No,,,0.0,0.0,,0.0,0.0,0.0,,,,,,,"('Penalty', 0.0)"
70,4,No,No,No,,,0.0,0.0,,0.0,0.0,0.0,,,,,,,"('Penalty', 0.0)"
70,5,No,No,No,,,0.0,0.0,,0.0,0.0,0.0,,,,,,,"('Penalty', 0.0)"
70,6,No,No,No,,,0.0,0.0,,0.0,0.0,0.0,,,,,,,"('Penalty', 0.0)"
70,7,No,No,No,,,0.0,0.0,,0.0,0.0,0.0,,,,,,,"('Penalty', 0.0)"
70,8,No,No,No,,,0.0,0.0,,0.0,0.0,0.0,,,,,,,"('Penalty', 0.0)"
71,1,Yes,Yes,Yes,0.5315567426029646,3.9871842902833876,0.24,0.29411764705882354,0.9836033324480903,0.8184465384112943,0.7620823617974164,0.8889344105677629,0.048,0.05882352941176471,0.0,0.08184465384112943,0.07620823617974165,0.26668032317032886,"('Penalty', 0.24)"
71,2,No,No,No,,,0.0,0.0,,0.0,0.0,0.0,,,,,,,"('Penalty', 0.0)"
71,3,No,No,No,,,0.0,0.0,,0.0,0.0,0.0,,,,,,,"('Penalty', 0.0)"
71,4,No,No,No,,,0.0,0.0,,0.0,0.0,0.0,,,,,,,"('Penalty', 0.0)"
71,5,No,No,No,,,0.0,0.0,,0.0,0.0,0.0,,,,,,,"('Penalty', 0.0)"
71,6,No,No,No,,,0.0,0.0,,0.0,0.0,0.0,,,,,,,"('Penalty', 0.0)"
71,7,No,No,No,,,0.0,0.0,,0.0,0.0,0.0,,,,,,,"('Penalty', 0.0)"
71,8,No,No,No,,,0.0,0.0,,0.0,0.0,0.0,,,,,,,"('Penalty', 0.0)"
72,1,Yes,Yes,Yes,0.4958411586029425,3.7566183770529893,0.2,0.23529411764705882,0.9836033324480903,0.7333230545420859,0.7293466605270214,0.8750512118887332,0.04000000000000001,0.047058823529411764,0.0,0.07333230545420859,0.07293466605270214,0.26251536356662,"('Penalty', 0.2)"
72,2,No,No,No,,,0.0,0.0,,0.0,0.0,0.0,,,,,,,"('Penalty', 0.0)"
72,3,No,No,No,,,0.0,0.0,,0.0,0.0,0.0,,,,,,,"('Penalty', 0.0)"
72,4,No,No,No,,,0.0,0.0,,0.0,0.0,0.0,,,,,,,"('Penalty', 0.0)"
72,5,No,No,No,,,0.0,0.0,,0.0,0.0,0.0,,,,,,,"('Penalty', 0.0)"
72,6,No,No,No,,,0.0,0.0,,0.0,0.0,0.0,,,,,,,"('Penalty', 0.0)"
72,7,No,No,No,,,0.0,0.0,,0.0,0.0,0.0,,,,,,,"('Penalty', 0.0)"
72,8,No,No,No,,,0.0,0.0,,0.0,0.0,0.0,,,,,,,"('Penalty', 0.0)"
73,1,Yes,Yes,Yes,0.45920724987443134,3.5248024729257192,0.16,0.17647058823529413,0.9836033324480903,0.6500535889433066,0.697473578283333,0.8572013850156952,0.032,0.03529411764705883,0.0,0.06500535889433066,0.0697473578283333,0.25716041550470853,"('Penalty', 0.16)"
73,2,No,No,No,,,0.0,0.0,,0.0,0.0,0.0,,,,,,,"('Penalty', 0.0)"
73,3,No,No,No,,,0.0,0.0,,0.0,0.0,0.0,,,,,,,"('Penalty', 0.0)"
73,4,No,No,No,,,0.0,0.0,,0.0,0.0,0.0,,,,,,,"('Penalty', 0.0)"
73,5,No,No,No,,,0.0,0.0,,0.0,0.0,0.0,,,,,,,"('Penalty', 0.0)"
73,6,No,No,No,,,0.0,0.0,,0.0,0.0,0.0,,,,,,,"('Penalty', 0.0)"
73,7,No,No,No,,,0.0,0.0,,0.0,0.0,0.0,,,,,,,"('Penalty', 0.0)"
73,8,No,No,No,,,0.0,0.0,,0.0,0.0,0.0,,,,,,,"('Penalty', 0.0)"
74,1,Yes,Yes,Yes,0.4218680563286096,3.2978336052073676,0.12,0.11764705882352941,0.9836033324480903,0.5761330680870191,0.6670485299970843,0.8334016158516445,0.024,0.023529411764705882,0.0,0.057613306808701914,0.06670485299970844,0.2500204847554933,"('Penalty', 0.12)"
74,2,No,No,No,,,0.0,0.0,,0.0,0.0,0.0,,,,,,,"('Penalty', 0.0)"
74,3,No,No,No,,,0.0,0.0,,0.0,0.0,0.0,,,,,,,"('Penalty', 0.0)"
74,4,No,No,No,,,0.0,0.0,,0.0,0.0,0.0,,,,,,,"('Penalty', 0.0)"
74,5,Yes,No,No,0.11592448586973439,2.142848191145434,0.0,0.0,0.9836033324480903,0.3006128295892959,0.8586320291080479,0.0,0.0,0.0,0.0,0.030061282958929594,0.08586320291080479,0.0,"('Penalty', 0.0)"
74,6,No,No,No,,,0.0,0.0,,0.0,0.0,0.0,,,,,,,"('Penalty', 0.0)"
74,7,No,No,No,,,0.0,0.0,,0.0,0.0,0.0,,,,,,,"('Penalty', 0.0)"
74,8,No,No,No,,,0.0,0.0,,0.0,0.0,0.0,,,,,,,"('Penalty', 0.0)"
75,1,Yes,Yes,Yes,0.3829422179429736,3.0740381044221152,0.08,0.058823529411764705,0.9836033324480903,0.5131759803990835,0.638353323141203,0.8000819390219734,0.016,0.011764705882352941,0.0,0.05131759803990835,0.0638353323141203,0.24002458170659202,"('Penalty', 0.08)"
75,2,No,No,No,,,0.0,0.0,,0.0,0.0,0.0,,,,,,,"('Penalty', 0.0)"
75,3,No,No,No,,,0.0,0.0,,0.0,0.0,0.0,,,,,,,"('Penalty', 0.0)"
75,4,No,No,No,,,0.0,0.0,,0.0,0.0,0.0,,,,,,,"('Penalty', 0.0)"
75,5,Yes,No,No,0.12138718625056316,2.197475194953722,0.0,0.0,0.9836033324480903,0.32603818284271313,0.8878336796629185,0.0,0.0,0.0,0.0,0.032603818284271315,0.08878336796629185,0.0,"('Penalty', 0.0)"
75,6,No,No,No,,,0.0,0.0,,0.0,0.0,0.0,,,,,,,"('Penalty', 0.0)"
75,7,No,No,No,,,0.0,0.0,,0.0,0.0,0.0,,,,,,,"('Penalty', 0.0)"
75,8,No,No,No,,,0.0,0.0,,0.0,0.0,0.0,,,,,,,"('Penalty', 0.0)"
76,1,Yes,Yes,No,0.3402152956370681,2.8455514412638383,0.04,0.0,0.9836033324480903,0.4603653206631087,0.6114803643751724,0.7501024237774667,0.008,0.0,0.0,0.04603653206631087,0.06114803643751724,0.22503072713324002,"('Penalty', 0.04)"
76,2,No,No,No,,,0.0,0.0,,0.0,0.0,0.0,,,,,,,"('Penalty', 0.0)"
76,3,No,No,No,,,0.0,0.0,,0.0,0.0,0.0,,,,,,,"('Penalty', 0.0)"
76,4,No,No,No,,,0.0,0.0,,0.0,0.0,0.0,,,,,,,"('Penalty', 0.0)"
76,5,Yes,No,Yes,0.41872227039214005,3.2272218836463424,0.0,0.0,0.9836033324480903,0.3559632282558725,0.9158532465808055,0.9718020763615741,0.0,0.0,0.0,0.03559632282558725,0.09158532465808056,0.2915406229084722,"('Penalty', 0.0)"
76,6,No,No,No,,,0.0,0.0,,0.0,0.0,0.0,,,,,,,"('Penalty', 0.0)"
76,7,No,No,No,,,0.0,0.0,,0.0,0.0,0.0,,,,,,,"('Penalty', 0.0)"
76,8,No,No,No,,,0.0,0.0,,0.0,0.0,0.0,,,,,,,"('Penalty', 0.0)"
77,1,Yes,No,No,0.30029339836200636,2.6529198340415707,0.0,0.0,0.9836033324480903,0.4160988134438509,0.5864089471363384,0.6668087410132915,0.0,0.0,0.0,0.04160988134438509,0.058640894713633845,0.20004262230398742,"('Penalty', 0.0)"
77,2,No,No,No,,,0.0,0.0,,0.0,0.0,0.0,,,,,,,"('Penalty', 0.0)"
77,3,No,No,No,,,0.0,0.0,,0.0,0.0,0.0,,,,,,,"('Penalty', 0.0)"
77,4,No,No,No,,,0.0,0.0,,0.0,0.0,0.0,,,,,,,"('Penalty', 0.0)"
77,5,Yes,No,Yes,0.4294221268897658,3.303853247713081,0.0,0.0,0.9836033324480903,0.39148910862494424,0.9417751298237129,0.9869856768163334,0.0,0.0,0.0,0.039148910862494425,0.0941775129823713,0.2960957030449,"('Penalty', 0.0)"
77,6,No,No,No,,,0.0,0.0,,0.0,0.0,0.0,,,,,,,"('Penalty', 0.0)"
77,7,No,No,No,,,0.0,0.0,,0.0,0.0,0.0,,,,,,,"('Penalty', 0.0)"
77,8,No,No,No,,,0.0,0.0,,0.0,0.0,0.0,,,,,,,"('Penalty', 0.0)"
78,1,Yes,No,No,0.24444252370373695,2.4263896447914046,0.0,0.0,0.9836033324480903,0.37889631104250393,0.5630705389537831,0.5008194623470275,0.0,0.0,0.0,0.03788963110425039,0.056307053895378316,0.15024583870410824,"('Penalty', 0.0)"
78,2,No,No,No,,,0.0,0.0,,0.0,0.0,0.0,,,,,,,"('Penalty', 0.0)"
78,3,No,No,No,,,0.0,0.0,,0.0,0.0,0.0,,,,,,,"('Penalty', 0.0)"
78,4,No,No,No,,,0.0,0.0,,0.0,0.0,0.0,,,,,,,"('Penalty', 0.0)"
78,5,Yes,Yes,Yes,0.43582814024425465,3.968764285133811,0.6,0.0,0.9836033324480903,0.4341087696058353,0.9644919582014723,0.986560224878413,0.0,0.0,0.0,0.04341087696058353,0.09644919582014723,0.2959680674635239,"('Penalty', 0.0)"
78,6,No,No,No,,,0.0,0.0,,0.0,0.0,0.0,,,,,,,"('Penalty', 0.0)"
78,7,No,No,No,,,0.0,0.0,,0.0,0.0,0.0,,,,,,,"('Penalty', 0.0)"
78,8,No,No,No,,,0.0,0.0,,0.0,0.0,0.0,,,,,,,"('Penalty', 0.0)"
79,1,Yes,No,No,0.1039504268461997,1.922598570427815,0.0,0.0,0.9836033324480903,0.3473868401794541,0.5413538825591344,0.050254515241136166,0.0,0.0,0.0,0.03473868401794541,0.05413538825591344,0.015076354572340848,"('Penalty', 0.0)"
79,2,No,No,No,,,0.0,0.0,,0.0,0.0,0.0,,,,,,,"('Penalty', 0.0)"
79,3,No,No,No,,,0.0,0.0,,0.0,0.0,0.0,,,,,,,"('Penalty', 0.0)"
79,4,No,No,No,,,0.0,0.0,,0.0,0.0,0.0,,,,,,,"('Penalty', 0.0)"
79,5,Yes,Yes,Yes,0.44255120183730146,3.997645887938794,0.56,0.0,0.9836033324480903,0.4855992261517248,0.9827085978978234,0.9857347314411556,0.0,0.0,0.0,0.04855992261517248,0.09827085978978234,0.29572041943234667,"('Penalty', 0.0)"
79,6,No,No,No,,,0.0,0.0,,0.0,0.0,0.0,,,,,,,"('Penalty', 0.0)"
79,7,No,No,No,,,0.0,0.0,,0.0,0.0,0.0,,,,,,,"('Penalty', 0.0)"
79,8,No,No,No,,,0.0,0.0,,0.0,0.0,0.0,,,,,,,"('Penalty', 0.0)"
80,1,Yes,No,No,0.08416244805236825,1.825227812971773,0.0,0.0,0.9836033324480903,0.3204810691935517,0.5211434113301309,0.0,0.0,0.0,0.0,0.03204810691935517,0.05211434113301309,0.0,"('Penalty', 0.0)"
80,2,No,No,No,,,0.0,0.0,,0.0,0.0,0.0,,,,,,,"('Penalty', 0.0)"
80,3,No,No,No,,,0.0,0.0,,0.0,0.0,0.0,,,,,,,"('Penalty', 0.0)"
80,4,No,No,No,,,0.0,0.0,,0.0,0.0,0.0,,,,,,,"('Penalty', 0.0)"
80,5,Yes,Yes,Yes,0.4497366345288377,4.7372846012795815,0.52,0.7058823529411765,0.9836033324480903,0.5480002876735808,0.9950149135177021,0.9847837146990315,0.0,0.0,0.0,0.05480002876735808,0.09950149135177022,0.29543511440970943,"('Penalty', 0.0)"
80,6,No,No,No,,,0.0,0.0,,0.0,0.0,0.0,,,,,,,"('Penalty', 0.0)"
80,7,No,No,No,,,0.0,0.0,,0.0,0.0,0.0,,,,,,,"('Penalty', 0.0)"
80,8,No,No,No,,,0.0,0.0,,0.0,0.0,0.0,,,,,,,"('Penalty', 0.0)"
81,1,Yes,No,No,0.07996766799077158,1.7832800123558061,0.0,0.0,0.9836033324480903,0.2973446578839352,0.5023320220237806,0.0,0.0,0.0,0.0,0.029734465788393522,0.05023320220237806,0.0,"('Penalty', 0.0)"
81,2,No,No,No,,,0.0,0.0,,0.0,0.0,0.0,,,,,,,"('Penalty', 0.0)"
81,3,No,No,No,,,0.0,0.0,,0.0,0.0,0.0,,,,,,,"('Penalty', 0.0)"
81,4,No,No,No,,,0.0,0.0,,0.0,0.0,0.0,,,,,,,"('Penalty', 0.0)"
81,5,Yes,Yes,Yes,0.45742375906951954,4.71750607231763,0.48,0.6470588235294118,0.9836033324480903,0.6231470791625949,1.0,0.9836968371775335,0.0,0.0,0.0,0.062314707916259496,0.1,0.29510905115326,"('Penalty', 0.0)"
81,6,No,No,No,,,0.0,0.0,,0.0,0.0,0.0,,,,,,,"('Penalty', 0.0)"
81,7,No,No,No,,,0.0,0.0,,0.0,0.0,0.0,,,,,,,"('Penalty', 0.0)"
81,8,No,No,No,,,0.0,0.0,,0.0,0.0,0.0,,,,,,,"('Penalty', 0.0)"
82,1,No,No,No,,,0.0,0.0,,0.0,0.0,0.0,,,,,,,"('Penalty', 0.0)"
82,2,No,No,No,,,0.0,0.0,,0.0,0.0,0.0,,,,,,,"('Penalty', 0.0)"
82,3,No,No,No,,,0.0,0.0,,0.0,0.0,0.0,,,,,,,"('Penalty', 0.0)"
82,4,No,No,No,,,0.0,0.0,,0.0,0.0,0.0,,,,,,,"('Penalty', 0.0)"
82,5,Yes,Yes,Yes,0.5534640895685744,4.701594026792178,0.44,0.5882352941176471,0.9836033324480903,0.7108783354361922,0.9964343170605973,0.9824427477296517,0.08800000000000001,0.0,0.0,0.07108783354361922,0.09964343170605973,0.29473282431889547,"('Penalty', 0.44)"
82,6,No,No,No,,,0.0,0.0,,0.0,0.0,0.0,,,,,,,"('Penalty', 0.0)"
82,7,No,No,No,,,0.0,0.0,,0.0,0.0,0.0,,,,,,,"('Penalty', 0.0)"
82,8,No,No,No,,,0.0,0.0,,0.0,0.0,0.0,,,,,,,"('Penalty', 0.0)"
83,1,No,No,No,,,0.0,0.0,,0.0,0.0,0.0,,,,,,,"('Penalty', 0.0)"
83,2,No,No,No,,,0.0,0.0,,0.0,0.0,0.0,,,,,,,"('Penalty', 0.0)"
83,3,No,No,No,,,0.0,0.0,,0.0,0.0,0.0,,,,,,,"('Penalty', 0.0)"
83,4,No,No,No,,,0.0,0.0,,0.0,0.0,0.0,,,,,,,"('Penalty', 0.0)"
83,5,Yes,Yes,Yes,0.5531912421915124,4.682968232321518,0.4,0.5294117647058824,0.9836033324480903,0.8054234513756944,0.983550040418062,0.9809796433737892,0.08000000000000002,0.0,0.0,0.08054234513756944,0.09835500404180621,0.29429389301213676,"('Penalty', 0.4)"
83,6,No,No,No,,,0.0,0.0,,0.0,0.0,0.0,,,,,,,"('Penalty', 0.0)"
83,7,No,No,No,,,0.0,0.0,,0.0,0.0,0.0,,,,,,,"('Penalty', 0.0)"
83,8,No,No,No,,,0.0,0.0,,0.0,0.0,0.0,,,,,,,"('Penalty', 0.0)"
84,1,No,No,No,,,0.0,0.0,,0.0,0.0,0.0,,,,,,,"('Penalty', 0.0)"
84,2,No,No,No,,,0.0,0.0,,0.0,0.0,0.0,,,,,,,"('Penalty', 0.0)"
84,3,No,No,No,,,0.0,0.0,,0.0,0.0,0.0,,,,,,,"('Penalty', 0.0)"
84,4,No,No,No,,,0.0,0.0,,0.0,0.0,0.0,,,,,,,"('Penalty', 0.0)"
84,5,Yes,Yes,Yes,0.6449803354561441,4.644317411627147,0.36,0.47058823529411764,0.9836033324480903,0.8895292676314082,0.9613460562093965,0.9792505200441337,0.072,0.09411764705882353,0.0,0.08895292676314082,0.09613460562093966,0.2937751560132401,"('Penalty', 0.36)"
84,6,No,No,No,,,0.0,0.0,,0.0,0.0,0.0,,,,,,,"('Penalty', 0.0)"
84,7,No,No,No,,,0.0,0.0,,0.0,0.0,0.0,,,,,,,"('Penalty', 0.0)"
84,8,No,No,No,,,0.0,0.0,,0.0,0.0,0.0,,,,,,,"('Penalty', 0.0)"
85,1,No,No,No,,,0.0,0.0,,0.0,0.0,0.0,,,,,,,"('Penalty', 0.0)"
85,2,No,No,No,,,0.0,0.0,,0.0,0.0,0.0,,,,,,,"('Penalty', 0.0)"
85,3,No,No,No,,,0.0,0.0,,0.0,0.0,0.0,,,,,,,"('Penalty', 0.0)"
85,4,No,No,No,,,0.0,0.0,,0.0,0.0,0.0,,,,,,,"('Penalty', 0.0)"
85,5,Yes,Yes,Yes,0.62601501514122,4.557637633880843,0.32,0.4117647058823529,0.9836033324480903,0.9342362411064173,0.9308577823954353,0.977175572048547,0.064,0.08235294117647059,0.0,0.09342362411064174,0.09308577823954353,0.2931526716145641,"('Penalty', 0.32)"
85,6,No,No,No,,,0.0,0.0,,0.0,0.0,0.0,,,,,,,"('Penalty', 0.0)"
85,7,No,No,No,,,0.0,0.0,,0.0,0.0,0.0,,,,,,,"('Penalty', 0.0)"
85,8,No,No,No,,,0.0,0.0,,0.0,0.0,0.0,,,,,,,"('Penalty', 0.0)"
86,1,No,No,No,,,0.0,0.0,,0.0,0.0,0.0,,,,,,,"('Penalty', 0.0)"
86,2,No,No,No,,,0.0,0.0,,0.0,0.0,0.0,,,,,,,"('Penalty', 0.0)"
86,3,No,No,No,,,0.0,0.0,,0.0,0.0,0.0,,,,,,,"('Penalty', 0.0)"
86,4,No,No,No,,,0.0,0.0,,0.0,0.0,0.0,,,,,,,"('Penalty', 0.0)"
86,5,Yes,Yes,Yes,0.6001422367212247,4.402805474192977,0.28,0.35294117647058826,0.9836033324480903,0.9174438980932936,0.8941775426826197,0.9746395244983856,0.05600000000000001,0.07058823529411766,0.0,0.09174438980932936,0.08941775426826198,0.29239185734951567,"('Penalty', 0.28)"
86,6,No,No,No,,,0.0,0.0,,0.0,0.0,0.0,,,,,,,"('Penalty', 0.0)"
86,7,No,No,No,,,0.0,0.0,,0.0,0.0,0.0,,,,,,,"('Penalty', 0.0)"
86,8,No,No,No,,,0.0,0.0,,0.0,0.0,0.0,,,,,,,"('Penalty', 0.0)"
87,1,No,No,No,,,0.0,0.0,,0.0,0.0,0.0,,,,,,,"('Penalty', 0.0)"
87,2,No,No,No,,,0.0,0.0,,0.0,0.0,0.0,,,,,,,"('Penalty', 0.0)"
87,3,No,No,No,,,0.0,0.0,,0.0,0.0,0.0,,,,,,,"('Penalty', 0.0)"
87,4,No,No,No,,,0.0,0.0,,0.0,0.0,0.0,,,,,,,"('Penalty', 0.0)"
87,5,Yes,Yes,Yes,0.568451852225798,4.19106527752588,0.24,0.29411764705882354,0.9836033324480903,0.847844565968951,0.8540302669893303,0.9714694650606838,0.048,0.05882352941176471,0.0,0.0847844565968951,0.08540302669893303,0.2914408395182051,"('Penalty', 0.24)"
87,6,No,No,No,,,0.0,0.0,,0.0,0.0,0.0,,,,,,,"('Penalty', 0.0)"
87,7,No,No,No,,,0.0,0.0,,0.0,0.0,0.0,,,,,,,"('Penalty', 0.0)"
87,8,No,No,No,,,0.0,0.0,,0.0,0.0,0.0,,,,,,,"('Penalty', 0.0)"
88,1,No,No,No,,,0.0,0.0,,0.0,0.0,0.0,,,,,,,"('Penalty', 0.0)"
88,2,No,No,No,,,0.0,0.0,,0.0,0.0,0.0,,,,,,,"('Penalty', 0.0)"
88,3,No,No,No,,,0.0,0.0,,0.0,0.0,0.0,,,,,,,"('Penalty', 0.0)"
88,4,No,No,No,,,0.0,0.0,,0.0,0.0,0.0,,,,,,,"('Penalty', 0.0)"
88,5,Yes,Yes,Yes,0.5342317907985074,3.95583977407597,0.2,0.23529411764705882,0.9836033324480903,0.7565497148129988,0.8129989348127552,0.9673936743550673,0.04000000000000001,0.047058823529411764,0.0,0.07565497148129989,0.08129989348127553,0.2902181023065202,"('Penalty', 0.2)"
88,6,No,No,No,,,0.0,0.0,,0.0,0.0,0.0,,,,,,,"('Penalty', 0.0)"
88,7,No,No,No,,,0.0,0.0,,0.0,0.0,0.0,,,,,,,"('Penalty', 0.0)"
88,8,No,No,No,,,0.0,0.0,,0.0,0.0,0.0,,,,,,,"('Penalty', 0.0)"
89,1,No,No,No,,,0.0,0.0,,0.0,0.0,0.0,,,,,,,"('Penalty', 0.0)"
89,2,No,No,No,,,0.0,0.0,,0.0,0.0,0.0,,,,,,,"('Penalty', 0.0)"
89,3,No,No,No,,,0.0,0.0,,0.0,0.0,0.0,,,,,,,"('Penalty', 0.0)"
89,4,No,No,No,,,0.0,0.0,,0.0,0.0,0.0,,,,,,,"('Penalty', 0.0)"
89,5,Yes,Yes,Yes,0.499496231290018,3.7181764836178193,0.16,0.17647058823529413,0.9836033324480903,0.6633206614860793,0.7728226147007772,0.9619592867475786,0.032,0.03529411764705883,0.0,0.06633206614860793,0.07728226147007772,0.28858778602427354,"('Penalty', 0.16)"
89,6,No,No,No,,,0.0,0.0,,0.0,0.0,0.0,,,,,,,"('Penalty', 0.0)"
89,7,No,No,No,,,0.0,0.0,,0.0,0.0,0.0,,,,,,,"('Penalty', 0.0)"
89,8,No,No,No,,,0.0,0.0,,0.0,0.0,0.0,,,,,,,"('Penalty', 0.0)"
90,1,No,No,No,,,0.0,0.0,,0.0,0.0,0.0,,,,,,,"('Penalty', 0.0)"
90,2,No,No,No,,,0.0,0.0,,0.0,0.0,0.0,,,,,,,"('Penalty', 0.0)"
90,3,No,No,No,,,0.0,0.0,,0.0,0.0,0.0,,,,,,,"('Penalty', 0.0)"
90,4,No,No,No,,,0.0,0.0,,0.0,0.0,0.0,,,,,,,"('Penalty', 0.0)"
90,5,Yes,Yes,Yes,0.4655697667466603,3.492951652896975,0.12,0.11764705882352941,0.9836033324480903,0.5825363603532168,0.7348137571750443,0.9543511440970942,0.024,0.023529411764705882,0.0,0.05825363603532168,0.07348137571750443,0.28630534322912826,"('Penalty', 0.12)"
90,6,No,No,No,,,0.0,0.0,,0.0,0.0,0.0,,,,,,,"('Penalty', 0.0)"
90,7,No,No,No,,,0.0,0.0,,0.0,0.0,0.0,,,,,,,"('Penalty', 0.0)"
90,8,No,No,No,,,0.0,0.0,,0.0,0.0,0.0,,,,,,,"('Penalty', 0.0)"
91,1,No,No,No,,,0.0,0.0,,0.0,0.0,0.0,,,,,,,"('Penalty', 0.0)"
91,2,No,No,No,,,0.0,0.0,,0.0,0.0,0.0,,,,,,,"('Penalty', 0.0)"
91,3,No,No,No,,,0.0,0.0,,0.0,0.0,0.0,,,,,,,"('Penalty', 0.0)"
91,4,Yes,No,No,0.0910124987976966,1.8937283204250561,0.0,0.0,0.9836033324480903,0.30461627714088635,0.6055087108360796,0.0,0.0,0.0,0.0,0.030461627714088637,0.06055087108360796,0.0,"('Penalty', 0.0)"
91,5,Yes,Yes,Yes,0.43209903128339033,3.279892255627494,0.08,0.058823529411764705,0.9836033324480903,0.515148630763223,0.6993778328830486,0.9429389301213676,0.016,0.011764705882352941,0.0,0.051514863076322304,0.06993778328830486,0.28288167903641026,"('Penalty', 0.08)"
91,6,No,No,No,,,0.0,0.0,,0.0,0.0,0.0,,,,,,,"('Penalty', 0.0)"
91,7,No,No,No,,,0.0,0.0,,0.0,0.0,0.0,,,,,,,"('Penalty', 0.0)"
91,8,No,No,No,,,0.0,0.0,,0.0,0.0,0.0,,,,,,,"('Penalty', 0.0)"
92,1,No,No,No,,,0.0,0.0,,0.0,0.0,0.0,,,,,,,"('Penalty', 0.0)"
92,2,No,No,No,,,0.0,0.0,,0.0,0.0,0.0,,,,,,,"('Penalty', 0.0)"
92,3,No,No,No,,,0.0,0.0,,0.0,0.0,0.0,,,,,,,"('Penalty', 0.0)"
92,4,Yes,No,No,0.09629280678780278,1.946531400326118,0.0,0.0,0.9836033324480903,0.3294478943397278,0.6334801735383,0.0,0.0,0.0,0.0,0.03294478943397278,0.06334801735383,0.0,"('Penalty', 0.0)"
92,5,Yes,Yes,Yes,0.39782745431841493,3.074040728641927,0.04,0.0,0.9836033324480903,0.4598707395827987,0.6666480831158811,0.9239185734951567,0.008,0.0,0.0,0.045987073958279875,0.06666480831158811,0.277175572048547,"('Penalty', 0.04)"
92,6,No,No,No,,,0.0,0.0,,0.0,0.0,0.0,,,,,,,"('Penalty', 0.0)"
92,7,No,No,No,,,0.0,0.0,,0.0,0.0,0.0,,,,,,,"('Penalty', 0.0)"
92,8,No,No,No,,,0.0,0.0,,0.0,0.0,0.0,,,,,,,"('Penalty', 0.0)"
93,1,No,No,No,,,0.0,0.0,,0.0,0.0,0.0,,,,,,,"('Penalty', 0.0)"
93,2,No,No,No,,,0.0,0.0,,0.0,0.0,0.0,,,,,,,"('Penalty', 0.0)"
93,3,No,No,No,,,0.0,0.0,,0.0,0.0,0.0,,,,,,,"('Penalty', 0.0)"
93,4,Yes,No,No,0.33054923464604,2.767299432206451,0.0,0.0,0.9836033324480903,0.358728064034678,0.6640699123726629,0.7608981233510198,0.0,0.0,0.0,0.0358728064034678,0.06640699123726629,0.22826943700530594,"('Penalty', 0.0)"
93,5,Yes,No,Yes,0.37091711299005403,2.920715888124405,0.0,0.0,0.9836033324480903,0.4145466253486732,0.6365366432155292,0.8860292871121126,0.0,0.0,0.0,0.04145466253486732,0.06365366432155292,0.2658087861336338,"('Penalty', 0.0)"
93,6,No,No,No,,,0.0,0.0,,0.0,0.0,0.0,,,,,,,"('Penalty', 0.0)"
93,7,No,No,No,,,0.0,0.0,,0.0,0.0,0.0,,,,,,,"('Penalty', 0.0)"
93,8,No,No,No,,,0.0,0.0,,0.0,0.0,0.0,,,,,,,"('Penalty', 0.0)"
94,1,No,No,No,,,0.0,0.0,,0.0,0.0,0.0,,,,,,,"('Penalty', 0.0)"
94,2,No,No,No,,,0.0,0.0,,0.0,0.0,0.0,,,,,,,"('Penalty', 0.0)"
94,3,No,No,No,,,0.0,0.0,,0.0,0.0,0.0,,,,,,,"('Penalty', 0.0)"
94,4,Yes,No,Yes,0.40018208631439656,3.0447722951607563,0.0,0.0,0.9836033324480903,0.3933763888451424,0.697466623651874,0.9703259502156498,0.0,0.0,0.0,0.03933763888451425,0.0697466623651874,0.2910977850646949,"('Penalty', 0.0)"
94,5,Yes,No,No,0.3320830906500976,2.7477230896941567,0.0,0.0,0.9836033324480903,0.3769566833577915,0.6088074992608201,0.7783555746274549,0.0,0.0,0.0,0.03769566833577915,0.060880749926082015,0.23350667238823644,"('Penalty', 0.0)"
94,6,No,No,No,,,0.0,0.0,,0.0,0.0,0.0,,,,,,,"('Penalty', 0.0)"
94,7,No,No,No,,,0.0,0.0,,0.0,0.0,0.0,,,,,,,"('Penalty', 0.0)"
94,8,No,No,No,,,0.0,0.0,,0.0,0.0,0.0,,,,,,,"('Penalty', 0.0)"
95,1,No,No,No,,,0.0,0.0,,0.0,0.0,0.0,,,,,,,"('Penalty', 0.0)"
95,2,No,No,No,,,0.0,0.0,,0.0,0.0,0.0,,,,,,,"('Penalty', 0.0)"
95,3,No,No,No,,,0.0,0.0,,0.0,0.0,0.0,,,,,,,"('Penalty', 0.0)"
95,4,Yes,No,Yes,0.41489918603067405,3.145364493124972,0.0,0.0,0.9836033324480903,0.43435293940218844,0.7337928714597641,0.9936153498149294,0.0,0.0,0.0,0.04343529394021885,0.07337928714597641,0.2980846049444788,"('Penalty', 0.0)"
95,5,Yes,No,No,0.0928331309570431,1.911934642018521,0.0,0.0,0.9836033324480903,0.3451824500859775,0.5831488594844534,0.0,0.0,0.0,0.0,0.03451824500859775,0.05831488594844534,0.0,"('Penalty', 0.0)"
95,6,No,No,No,,,0.0,0.0,,0.0,0.0,0.0,,,,,,,"('Penalty', 0.0)"
95,7,No,No,No,,,0.0,0.0,,0.0,0.0,0.0,,,,,,,"('Penalty', 0.0)"
95,8,No,No,No,,,0.0,0.0,,0.0,0.0,0.0,,,,,,,"('Penalty', 0.0)"
